chrom	position	id
238000	chr7	127656947	rs806172
238001	chr7	127658710	rs3808111
238002	chr7	127668331	rs6943219
238003	chr7	127669879	rs806166
238004	chr7	127673850	rs806164
238005	chr7	127687654	rs712710
238006	chr7	127695203	rs2272374
238007	chr7	127697520	rs712717
238008	chr7	127698264	rs7784200
238009	chr7	127699360	rs741599
238010	chr7	127705937	rs759843
238011	chr7	127707678	rs11972774
238012	chr7	127709925	rs13236338
238013	chr7	127717661	rs7778413
238014	chr7	127719916	rs698409
238015	chr7	127729092	rs12667197
238016	chr7	127735074	rs10954163
238017	chr7	127751797	rs1348103
238018	chr7	127752989	rs1966517
238019	chr7	127760418	rs2043981
238020	chr7	127763032	rs1440973
238021	chr7	127764932	rs6959487
238022	chr7	127765531	rs12540865
238023	chr7	127777667	rs4728078
238024	chr7	127780587	rs765971
238025	chr7	127799464	rs2402871
238026	chr7	127802778	rs325438
238027	chr7	127816552	rs3757778
238028	chr7	127817173	rs325442
238029	chr7	127818287	rs325443
238030	chr7	127820400	rs325444
238031	chr7	127827845	rs17663644
238032	chr7	127831586	rs6969353
238033	chr7	127840310	rs4728079
238034	chr7	127841224	rs917832
238035	chr7	127841705	rs1860934
238036	chr7	127849553	rs1029927
238037	chr7	127867937	rs10260037
238038	chr7	127869389	rs10215276
238039	chr7	127870435	rs12672945
238040	chr7	127876492	rs3808090
238041	chr7	127878309	rs3808089
238042	chr7	127879224	rs1419970
238043	chr7	127893823	rs10954164
238044	chr7	127901008	rs3757769
238045	chr7	127901602	rs17151507
238046	chr7	127904579	rs1468702
238047	chr7	127914053	rs3757767
238048	chr7	127919867	rs7785596
238049	chr7	127922411	rs759056
238050	chr7	127956354	rs3757763
238051	chr7	127956692	rs17151567
238052	chr7	127960324	rs10487502
238053	chr7	127969247	rs1193333
238054	chr7	127969979	rs1035295
238055	chr7	127977068	rs1193336
238056	chr7	127985196	rs3757762
238057	chr7	127998820	rs2241291
238058	chr7	127999360	rs1345509
238059	chr7	128018142	rs3757760
238060	chr7	128020231	rs4731390
238061	chr7	128020424	rs4731391
238062	chr7	128026694	rs35602492
238063	chr7	128028017	rs3808058
238064	chr7	128035054	rs13240628
238065	chr7	128040639	rs3808057
238066	chr7	128041677	rs3808056
238067	chr7	128053484	rs10250463
238068	chr7	128055000	rs6966724
238069	chr7	128055360	rs3757758
238070	chr7	128058350	rs6949446
238071	chr7	128059133	rs12533765
238072	chr7	128062395	rs17151707
238073	chr7	128071648	rs322837
238074	chr7	128072191	rs322834
238075	chr7	128074365	rs178734
238076	chr7	128089834	rs322821
238077	chr7	128091565	rs322820
238078	chr7	128092686	rs4728084
238079	chr7	128093312	rs322819
238080	chr7	128093769	rs17151739
238081	chr7	128097176	rs12537331
238082	chr7	128099613	rs6953698
238083	chr7	128101172	rs7811971
238084	chr7	128102121	rs6467159
238085	chr7	128104734	rs322812
238086	chr7	128108947	rs322790
238087	chr7	128114931	rs322786
238088	chr7	128128482	rs322768
238089	chr7	128133335	rs322760
238090	chr7	128138459	rs4731401
238091	chr7	128154716	rs17735893
238092	chr7	128159090	rs10954169
238093	chr7	128159997	rs10215103
238094	chr7	128191526	rs896183
238095	chr7	128200966	rs6956123
238096	chr7	128206959	rs11772985
238097	chr7	128211574	rs7778167
238098	chr7	128212011	rs11981584
238099	chr7	128217994	rs11764840
238100	chr7	128222748	rs791595
238101	chr7	128229637	rs2021808
238102	chr7	128232781	rs791607
238103	chr7	128232938	rs791608
238104	chr7	128240559	rs6976701
238105	chr7	128243641	rs4236625
238106	chr7	128244335	rs4731427
238107	chr7	128248635	rs10244329
238108	chr7	128249539	rs28954379
238109	chr7	128252926	rs2071045
238110	chr7	128254353	rs17151914
238111	chr7	128255162	rs17151922
238112	chr7	128265853	rs16871960
238113	chr7	128267265	rs10954176
238114	chr7	128272904	rs10954177
238115	chr7	128273177	rs10274395
238116	chr7	128276154	rs6979784
238117	chr7	128283724	rs7811892
238118	chr7	128287620	rs1545444
238119	chr7	128289217	rs17618714
238120	chr7	128299407	rs7778230
238121	chr7	128301280	rs6954653
238122	chr7	128303077	rs6964936
238123	chr7	128303947	rs7794771
238124	chr7	128306119	rs3750035
238125	chr7	128310671	rs12850
238126	chr7	128312935	rs3816420
238127	chr7	128313189	rs7804796
238128	chr7	128314656	rs17151996
238129	chr7	128317548	rs2290225
238130	chr7	128319167	rs17152002
238131	chr7	128322781	rs12536858
238132	chr7	128326572	rs12706849
238133	chr7	128335234	rs7800186
238134	chr7	128336540	rs359652
238135	chr7	128337297	rs2402890
238136	chr7	128347724	rs962294
238137	chr7	128360036	rs359642
238138	chr7	128362378	rs359648
238139	chr7	128366340	rs983828
238140	chr7	128373368	rs6467177
238141	chr7	128380316	rs13245629
238142	chr7	128381574	rs2402892
238143	chr7	128383467	rs1077322
238144	chr7	128384779	rs4728106
238145	chr7	128384808	rs885343
238146	chr7	128387694	rs17537088
238147	chr7	128397572	rs7802305
238148	chr7	128407702	rs11769333
238149	chr7	128408139	rs11770116
238150	chr7	128414961	rs4731453
238151	chr7	128419240	rs11982673
238152	chr7	128423639	rs4731454
238153	chr7	128433271	rs12540762
238154	chr7	128433415	rs12540808
238155	chr7	128437762	rs1560214
238156	chr7	128448918	rs11765126
238157	chr7	128452183	rs10228542
238158	chr7	128459983	rs2562730
238159	chr7	128477288	rs2288558
238160	chr7	128500095	rs7779455
238161	chr7	128507064	rs7806863
238162	chr7	128569301	rs7798172
238163	chr7	128582911	rs10230965
238164	chr7	128588605	rs6946411
238165	chr7	128603026	rs7793136
238166	chr7	128606584	rs7801053
238167	chr7	128664913	rs4731495
238168	chr7	128666358	rs12672576
238169	chr7	128668331	rs6467202
238170	chr7	128672121	rs17169024
238171	chr7	128672190	rs6961754
238172	chr7	128681256	rs12674125
238173	chr7	128682979	rs1109552
238174	chr7	128684724	rs11983903
238175	chr7	128687059	rs6958788
238176	chr7	128687228	rs6977126
238177	chr7	128687319	rs6976879
238178	chr7	128691358	rs2060718
238179	chr7	128696795	rs1450874
238180	chr7	128700778	rs11973846
238181	chr7	128708686	rs4283986
238182	chr7	128709552	rs4731507
238183	chr7	128709577	rs4731508
238184	chr7	128712068	rs7810047
238185	chr7	128715403	rs3807127
238186	chr7	128717245	rs339092
238187	chr7	128718784	rs17162583
238188	chr7	128718836	rs745229
238189	chr7	128723232	rs6971091
238190	chr7	128724025	rs339072
238191	chr7	128724840	rs6952563
238192	chr7	128727837	rs10488628
238193	chr7	128728150	rs6951397
238194	chr7	128729815	rs12667612
238195	chr7	128733479	rs4731512
238196	chr7	128736607	rs7780294
238197	chr7	128736845	rs339057
238198	chr7	128744550	rs17396823
238199	chr7	128749499	rs1006023
238200	chr7	128753895	rs109829
238201	chr7	128754551	rs2307040
238202	chr7	128756627	rs3778760
238203	chr7	128759169	rs339097
238204	chr7	128761707	rs10256047
238205	chr7	128769957	rs1043595
238206	chr7	128771025	rs6972005
238207	chr7	128774429	rs17397588
238208	chr7	128775235	rs17476081
238209	chr7	128776532	rs339038
238210	chr7	128782931	rs339088
238211	chr7	128783708	rs339085
238212	chr7	128794845	rs3736279
238213	chr7	128805211	rs1565630
238214	chr7	128805315	rs1565629
238215	chr7	128809350	rs2307037
238216	chr7	128810537	rs4731515
238217	chr7	128810949	rs17165191
238218	chr7	128811686	rs17165198
238219	chr7	128814482	rs2307036
238220	chr7	128816179	rs2270593
238221	chr7	128818594	rs4731517
238222	chr7	128828357	rs754920
238223	chr7	128830783	rs3734972
238224	chr7	128837417	rs2291560
238225	chr7	128838048	rs2291562
238226	chr7	128840068	rs2291563
238227	chr7	128844761	rs3734973
238228	chr7	128851548	rs3816884
238229	chr7	128852342	rs3823538
238230	chr7	128863887	rs1472146
238231	chr7	128866915	rs4323418
238232	chr7	128870969	rs6970221
238233	chr7	128875791	rs7797420
238234	chr7	128876890	rs1532222
238235	chr7	128879107	rs7780972
238236	chr7	128902928	rs11975930
238237	chr7	128954128	rs10488631
238238	chr7	128954670	rs2280714
238239	chr7	128974558	rs1874332
238240	chr7	128979360	rs2272347
238241	chr7	128985733	rs1154330
238242	chr7	128990258	rs6969930
238243	chr7	129017428	rs12539476
238244	chr7	129018684	rs12155080
238245	chr7	129033150	rs1072767
238246	chr7	129046283	rs11767238
238247	chr7	129047432	rs17166957
238248	chr7	129055928	rs13239597
238249	chr7	129079990	rs17340542
238250	chr7	129082459	rs17340646
238251	chr7	129085270	rs12706862
238252	chr7	129090480	rs730798
238253	chr7	129101858	rs4731549
238254	chr7	129102109	rs7779637
238255	chr7	129102166	rs7779671
238256	chr7	129106638	rs3925999
238257	chr7	129108323	rs2167272
238258	chr7	129108479	rs6970371
238259	chr7	129111900	rs13225556
238260	chr7	129114268	rs13227498
238261	chr7	129119036	rs1594424
238262	chr7	129127451	rs7809687
238263	chr7	129128975	rs10464703
238264	chr7	129147297	rs11767848
238265	chr7	129148160	rs719335
238266	chr7	129150042	rs10216028
238267	chr7	129150954	rs12668381
238268	chr7	129160854	rs9649524
238269	chr7	129163094	rs919551
238270	chr7	129164376	rs2566892
238271	chr7	129171129	rs2718102
238272	chr7	129203327	rs2566871
238273	chr7	129203915	rs2701316
238274	chr7	129205176	rs2703091
238275	chr7	129205860	rs2075778
238276	chr7	129213215	rs9607
238277	chr7	129213281	rs1061280
238278	chr7	129217330	rs4728160
238279	chr7	129226774	rs891545
238280	chr7	129233837	rs9641846
238281	chr7	129240989	rs1473236
238282	chr7	129248702	rs2896414
238283	chr7	129262748	rs2566878
238284	chr7	129264959	rs4731568
238285	chr7	129267076	rs2566879
238286	chr7	129270712	rs2566881
238287	chr7	129271662	rs2566882
238288	chr7	129271879	rs2694572
238289	chr7	129272265	rs10281269
238290	chr7	129272359	rs2718085
238291	chr7	129273266	rs6949882
238292	chr7	129274703	rs6974155
238293	chr7	129277745	rs2566885
238294	chr7	129283975	rs2056694
238295	chr7	129292907	rs4110091
238296	chr7	129293962	rs2718090
238297	chr7	129298397	rs12668958
238298	chr7	129311158	rs2718096
238299	chr7	129312831	rs1526900
238300	chr7	129313528	rs2694591
238301	chr7	129314753	rs2718098
238302	chr7	129318112	rs1526897
238303	chr7	129319585	rs7803052
238304	chr7	129340652	rs4517061
238305	chr7	129344176	rs6467240
238306	chr7	129349057	rs6969620
238307	chr7	129354129	rs10264209
238308	chr7	129361666	rs6467243
238309	chr7	129362118	rs7805353
238310	chr7	129366360	rs6966595
238311	chr7	129382260	rs10954230
238312	chr7	129383755	rs7787531
238313	chr7	129393041	rs9641850
238314	chr7	129393899	rs6953598
238315	chr7	129400668	rs12540568
238316	chr7	129405349	rs2402951
238317	chr7	129427211	rs4728164
238318	chr7	129429136	rs1665105
238319	chr7	129432182	rs6971551
238320	chr7	129440778	rs17552854
238321	chr7	129450686	rs691325
238322	chr7	129458323	rs2242030
238323	chr7	129458597	rs691124
238324	chr7	129463305	rs2305326
238325	chr7	129463386	rs1272593
238326	chr7	129468675	rs12671604
238327	chr7	129471463	rs1349402
238328	chr7	129479392	rs712689
238329	chr7	129485983	rs676947
238330	chr7	129489898	rs13223151
238331	chr7	129495928	rs691555
238332	chr7	129496841	rs639605
238333	chr7	129497998	rs655239
238334	chr7	129517578	rs12539828
238335	chr7	129525491	rs754964
238336	chr7	129525996	rs691740
238337	chr7	129536264	rs725473
238338	chr7	129547012	rs2896417
238339	chr7	129556550	rs12671559
238340	chr7	129557566	rs691184
238341	chr7	129559934	rs11765389
238342	chr7	129570693	rs692489
238343	chr7	129577864	rs12673568
238344	chr7	129587928	rs7788769
238345	chr7	129588387	rs10235960
238346	chr7	129607292	rs6967348
238347	chr7	129613011	rs753947
238348	chr7	129617666	rs10245818
238349	chr7	129619901	rs10225103
238350	chr7	129640666	rs10268267
238351	chr7	129646595	rs6949152
238352	chr7	129661885	rs6964297
238353	chr7	129662528	rs12666356
238354	chr7	129672729	rs10276606
238355	chr7	129689420	rs2402974
238356	chr7	129693105	rs1984823
238357	chr7	129704126	rs11773023
238358	chr7	129709260	rs11769146
238359	chr7	129709546	rs4731617
238360	chr7	129718635	rs6958958
238361	chr7	129728771	rs10239118
238362	chr7	129740402	rs7796553
238363	chr7	129740806	rs10267039
238364	chr7	129751317	rs2402964
238365	chr7	129752028	rs6978860
238366	chr7	129753500	rs10500120
238367	chr7	129756501	rs13241028
238368	chr7	129757803	rs1882095
238369	chr7	129765840	rs2402961
238370	chr7	129765933	rs2402960
238371	chr7	129773347	rs4626538
238372	chr7	129777889	rs2693727
238373	chr7	129787360	rs4731630
238374	chr7	129824950	rs13238927
238375	chr7	129833898	rs1046691
238376	chr7	129835482	rs2727500
238377	chr7	129858659	rs2693722
238378	chr7	129862085	rs17558874
238379	chr7	129871195	rs6467267
238380	chr7	129872252	rs1486831
238381	chr7	129873979	rs2727487
238382	chr7	129888121	rs2631601
238383	chr7	129904425	rs16873739
238384	chr7	129907707	rs2727476
238385	chr7	129939484	rs2727507
238386	chr7	129947383	rs3817530
238387	chr7	129951932	rs1723728
238388	chr7	129953498	rs6963861
238389	chr7	129958495	rs6980213
238390	chr7	129969840	rs7805545
238391	chr7	129972245	rs2692449
238392	chr7	129976096	rs6943541
238393	chr7	129977516	rs2177773
238394	chr7	129982197	rs6975965
238395	chr7	129985014	rs4731639
238396	chr7	129988317	rs6953226
238397	chr7	130006893	rs2402987
238398	chr7	130006943	rs2402988
238399	chr7	130008989	rs4728181
238400	chr7	130013390	rs12113749
238401	chr7	130018041	rs2242487
238402	chr7	130046767	rs9641864
238403	chr7	130062385	rs6943859
238404	chr7	130075827	rs17164299
238405	chr7	130083866	rs10251765
238406	chr7	130085456	rs7805980
238407	chr7	130086017	rs10279425
238408	chr7	130089503	rs17164377
238409	chr7	130098589	rs4731651
238410	chr7	130098610	rs17133163
238411	chr7	130107462	rs9656389
238412	chr7	130116682	rs17641278
238413	chr7	130121242	rs4324873
238414	chr7	130134873	rs6821
238415	chr7	130136109	rs6952837
238416	chr7	130139230	rs17164697
238417	chr7	130140139	rs12706917
238418	chr7	130147459	rs4363128
238419	chr7	130148783	rs6971899
238420	chr7	130163245	rs11770708
238421	chr7	130163556	rs12535796
238422	chr7	130166575	rs6467285
238423	chr7	130173897	rs3823482
238424	chr7	130182956	rs6467287
238425	chr7	130191909	rs6947512
238426	chr7	130213392	rs13224721
238427	chr7	130213410	rs6969994
238428	chr7	130215996	rs4728190
238429	chr7	130216632	rs7808330
238430	chr7	130226648	rs7796359
238431	chr7	130263171	rs6962324
238432	chr7	130266042	rs2030974
238433	chr7	130266306	rs2171493
238434	chr7	130267074	rs7788519
238435	chr7	130272761	rs2242337
238436	chr7	130279264	rs12536877
238437	chr7	130283924	rs2178158
238438	chr7	130286781	rs1881263
238439	chr7	130287937	rs6467293
238440	chr7	130291561	rs901799
238441	chr7	130293640	rs10954267
238442	chr7	130294378	rs3807344
238443	chr7	130296034	rs6942830
238444	chr7	130301424	rs3807345
238445	chr7	130301763	rs11981987
238446	chr7	130303076	rs6960767
238447	chr7	130304844	rs3735052
238448	chr7	130305153	rs1038627
238449	chr7	130309551	rs10224337
238450	chr7	130310899	rs2171492
238451	chr7	130318326	rs3800775
238452	chr7	130321902	rs1906489
238453	chr7	130323640	rs12539755
238454	chr7	130333381	rs7794088
238455	chr7	130334359	rs7798773
238456	chr7	130338241	rs11765940
238457	chr7	130339251	rs7797072
238458	chr7	130339522	rs7797371
238459	chr7	130343894	rs11764240
238460	chr7	130344433	rs6467305
238461	chr7	130344733	rs1532044
238462	chr7	130344845	rs1532046
238463	chr7	130344947	rs1532047
238464	chr7	130346679	rs6467306
238465	chr7	130347119	rs10234851
238466	chr7	130347218	rs4731680
238467	chr7	130350036	rs7808823
238468	chr7	130366208	rs12531020
238469	chr7	130366966	rs6949315
238470	chr7	130367539	rs11761888
238471	chr7	130367756	rs748812
238472	chr7	130369511	rs17164872
238473	chr7	130373115	rs11770721
238474	chr7	130375534	rs12666320
238475	chr7	130377467	rs5011386
238476	chr7	130379649	rs13226219
238477	chr7	130382199	rs968404
238478	chr7	130386053	rs2239606
238479	chr7	130387409	rs10215193
238480	chr7	130388881	rs1558917
238481	chr7	130394853	rs7793239
238482	chr7	130403138	rs4731691
238483	chr7	130407566	rs11972262
238484	chr7	130407824	rs13239658
238485	chr7	130411639	rs2058911
238486	chr7	130425587	rs10260920
238487	chr7	130430767	rs12672166
238488	chr7	130439992	rs17164973
238489	chr7	130440698	rs7784361
238490	chr7	130440970	rs2287371
238491	chr7	130452828	rs11767461
238492	chr7	130477104	rs17164989
238493	chr7	130497850	rs2072574
238494	chr7	130511241	rs12706945
238495	chr7	130622563	rs12706947
238496	chr7	130644454	rs17562397
238497	chr7	130651183	rs9641881
238498	chr7	130660095	rs3847101
238499	chr7	130663203	rs6467312
238500	chr7	130664325	rs10263009
238501	chr7	130666435	rs10954275
238502	chr7	130667043	rs3804620
238503	chr7	130667225	rs3804619
238504	chr7	130672455	rs2288081
238505	chr7	130672677	rs2288080
238506	chr7	130675226	rs6969737
238507	chr7	130685428	rs17165066
238508	chr7	130695527	rs11772452
238509	chr7	130703971	rs17165072
238510	chr7	130712058	rs7785403
238511	chr7	130716477	rs3857859
238512	chr7	130722760	rs10266864
238513	chr7	130723551	rs12665998
238514	chr7	130724130	rs13238028
238515	chr7	130730843	rs290796
238516	chr7	130731565	rs290794
238517	chr7	130732986	rs3909553
238518	chr7	130735196	rs290805
238519	chr7	130753245	rs287624
238520	chr7	130753454	rs13234407
238521	chr7	130761034	rs17165117
238522	chr7	130774114	rs7795357
238523	chr7	130787685	rs4731707
238524	chr7	130788987	rs12671934
238525	chr7	130792073	rs10954285
238526	chr7	130795484	rs12673358
238527	chr7	130796097	rs10954287
238528	chr7	130803774	rs7788814
238529	chr7	130805854	rs12234349
238530	chr7	130835699	rs11973626
238531	chr7	130838708	rs207204
238532	chr7	130850717	rs207210
238533	chr7	130851731	rs4728200
238534	chr7	130854022	rs17186278
238535	chr7	130866052	rs4731714
238536	chr7	130868502	rs6949271
238537	chr7	130878064	rs7781163
238538	chr7	130878677	rs157907
238539	chr7	130881864	rs17165216
238540	chr7	130882035	rs731729
238541	chr7	130883047	rs157911
238542	chr7	130884633	rs157916
238543	chr7	130887840	rs157917
238544	chr7	130891137	rs207222
238545	chr7	130891418	rs157920
238546	chr7	130895583	rs205755
238547	chr7	130897444	rs4731717
238548	chr7	130897964	rs157931
238549	chr7	130903783	rs157943
238550	chr7	130906218	rs285521
238551	chr7	130908925	rs285522
238552	chr7	130916445	rs157950
238553	chr7	130927325	rs205711
238554	chr7	130931476	rs205716
238555	chr7	130935431	rs157905
238556	chr7	130937804	rs17165295
238557	chr7	130938677	rs205725
238558	chr7	130956817	rs205774
238559	chr7	130966455	rs205781
238560	chr7	130966854	rs17165310
238561	chr7	130968767	rs7798603
238562	chr7	130968856	rs10228040
238563	chr7	130971086	rs17688079
238564	chr7	130976068	rs205737
238565	chr7	130980494	rs205744
238566	chr7	130982498	rs4141794
238567	chr7	130983623	rs6973318
238568	chr7	130983826	rs17688449
238569	chr7	130986628	rs11982104
238570	chr7	130987055	rs6467327
238571	chr7	130990465	rs10251370
238572	chr7	130995761	rs6971499
238573	chr7	130996774	rs978061
238574	chr7	130997013	rs6970779
238575	chr7	130998884	rs6467332
238576	chr7	131003817	rs983173
238577	chr7	131005712	rs6976744
238578	chr7	131006422	rs10237038
238579	chr7	131007428	rs11983414
238580	chr7	131017951	rs6467334
238581	chr7	131018486	rs4731731
238582	chr7	131019615	rs765965
238583	chr7	131027015	rs17738298
238584	chr7	131028941	rs350655
238585	chr7	131042676	rs11978185
238586	chr7	131047792	rs17165389
238587	chr7	131058458	rs2117495
238588	chr7	131067072	rs13242887
238589	chr7	131067738	rs6959116
238590	chr7	131070184	rs4731743
238591	chr7	131076475	rs10954300
238592	chr7	131082037	rs6467345
238593	chr7	131084071	rs1004677
238594	chr7	131088480	rs17165404
238595	chr7	131102688	rs7791880
238596	chr7	131111892	rs10253511
238597	chr7	131115906	rs6467347
238598	chr7	131125338	rs892706
238599	chr7	131126211	rs4445168
238600	chr7	131130582	rs6947916
238601	chr7	131134699	rs12706962
238602	chr7	131134994	rs9690297
238603	chr7	131137377	rs7790081
238604	chr7	131141172	rs6978036
238605	chr7	131145076	rs11977045
238606	chr7	131148229	rs12533615
238607	chr7	131153394	rs6467355
238608	chr7	131154975	rs4731759
238609	chr7	131158965	rs12706969
238610	chr7	131163349	rs6963416
238611	chr7	131169276	rs16873924
238612	chr7	131170141	rs4286885
238613	chr7	131183415	rs2117496
238614	chr7	131188124	rs326231
238615	chr7	131190792	rs326234
238616	chr7	131199198	rs6978069
238617	chr7	131199403	rs6978508
238618	chr7	131200705	rs17740733
238619	chr7	131205777	rs1863010
238620	chr7	131207163	rs6467367
238621	chr7	131209082	rs13221321
238622	chr7	131211936	rs7777467
238623	chr7	131215793	rs7793998
238624	chr7	131215858	rs17813961
238625	chr7	131218418	rs1979567
238626	chr7	131220316	rs2129557
238627	chr7	131223352	rs17814135
238628	chr7	131225484	rs6967528
238629	chr7	131232600	rs10276927
238630	chr7	131234359	rs6967119
238631	chr7	131234998	rs6467368
238632	chr7	131237449	rs715810
238633	chr7	131242848	rs28629228
238634	chr7	131247632	rs4731772
238635	chr7	131247781	rs4728213
238636	chr7	131252714	rs4731774
238637	chr7	131268871	rs16873941
238638	chr7	131272496	rs6943595
238639	chr7	131274068	rs17165530
238640	chr7	131276890	rs6971319
238641	chr7	131279011	rs2129561
238642	chr7	131279111	rs2171356
238643	chr7	131285011	rs10954312
238644	chr7	131294916	rs2060722
238645	chr7	131298881	rs6467369
238646	chr7	131301628	rs4731787
238647	chr7	131313346	rs10268409
238648	chr7	131324424	rs17815356
238649	chr7	131342454	rs17742759
238650	chr7	131351104	rs2895229
238651	chr7	131371881	rs9640866
238652	chr7	131386941	rs3735030
238653	chr7	131407674	rs7784242
238654	chr7	131407885	rs7788446
238655	chr7	131409919	rs10269703
238656	chr7	131412374	rs3800678
238657	chr7	131415559	rs17165599
238658	chr7	131426349	rs3800680
238659	chr7	131431674	rs3857862
238660	chr7	131440172	rs6947929
238661	chr7	131447580	rs13228664
238662	chr7	131455451	rs17165649
238663	chr7	131467023	rs13237249
238664	chr7	131471623	rs10229349
238665	chr7	131475392	rs6954916
238666	chr7	131480874	rs10227451
238667	chr7	131493566	rs1733862
238668	chr7	131496158	rs15956
238669	chr7	131500243	rs3735034
238670	chr7	131500634	rs8232
238671	chr7	131501664	rs1045045
238672	chr7	131507715	rs3800688
238673	chr7	131507740	rs1733858
238674	chr7	131508725	rs1733859
238675	chr7	131511199	rs3735035
238676	chr7	131511302	rs17744792
238677	chr7	131512048	rs10954318
238678	chr7	131515143	rs2433294
238679	chr7	131517054	rs1643263
238680	chr7	131518876	rs10224884
238681	chr7	131519602	rs11763812
238682	chr7	131536434	rs1619267
238683	chr7	131538048	rs10273876
238684	chr7	131538175	rs2398793
238685	chr7	131538417	rs6953894
238686	chr7	131542151	rs7807320
238687	chr7	131545008	rs1643251
238688	chr7	131552108	rs11763366
238689	chr7	131553415	rs1643262
238690	chr7	131554984	rs12667410
238691	chr7	131559926	rs1582412
238692	chr7	131560395	rs1733877
238693	chr7	131568696	rs4728221
238694	chr7	131568984	rs10248455
238695	chr7	131571109	rs41386244
238696	chr7	131585974	rs2909683
238697	chr7	131586353	rs1643287
238698	chr7	131597051	rs4336534
238699	chr7	131606034	rs1643249
238700	chr7	131616854	rs17165751
238701	chr7	131630332	rs929731
238702	chr7	131632435	rs12706980
238703	chr7	131636279	rs10954322
238704	chr7	131642652	rs4728225
238705	chr7	131642766	rs4731803
238706	chr7	131649241	rs2909678
238707	chr7	131651763	rs2909680
238708	chr7	131655907	rs6943605
238709	chr7	131666024	rs4521707
238710	chr7	131671749	rs11971513
238711	chr7	131673521	rs4078096
238712	chr7	131674248	rs4075268
238713	chr7	131685051	rs10241657
238714	chr7	131687161	rs4073301
238715	chr7	131688453	rs11769128
238716	chr7	131697146	rs12669428
238717	chr7	131700460	rs10231383
238718	chr7	131702385	rs11978012
238719	chr7	131708914	rs10246007
238720	chr7	131718848	rs2971784
238721	chr7	131722713	rs12540278
238722	chr7	131722845	rs2971773
238723	chr7	131723133	rs2971770
238724	chr7	131723180	rs2971769
238725	chr7	131724111	rs1157992
238726	chr7	131729697	rs2971760
238727	chr7	131731168	rs2909479
238728	chr7	131739196	rs6975530
238729	chr7	131744313	rs2909494
238730	chr7	131758395	rs7795671
238731	chr7	131768224	rs11764453
238732	chr7	131768765	rs1106683
238733	chr7	131768905	rs1106684
238734	chr7	131769204	rs12534413
238735	chr7	131769296	rs4535659
238736	chr7	131771233	rs12535855
238737	chr7	131772383	rs7787173
238738	chr7	131774840	rs10954330
238739	chr7	131778519	rs17792713
238740	chr7	131779142	rs1073259
238741	chr7	131783097	rs12706991
238742	chr7	131785591	rs738110
238743	chr7	131785958	rs7458636
238744	chr7	131789452	rs17165919
238745	chr7	131795272	rs17793127
238746	chr7	131798626	rs10954336
238747	chr7	131806997	rs741537
238748	chr7	131812047	rs10272905
238749	chr7	131813235	rs4728236
238750	chr7	131827117	rs11976075
238751	chr7	131838932	rs1425087
238752	chr7	131840595	rs17794043
238753	chr7	131841035	rs10488340
238754	chr7	131841377	rs11773903
238755	chr7	131841985	rs11771563
238756	chr7	131842250	rs10257311
238757	chr7	131845092	rs17165969
238758	chr7	131845462	rs759737
238759	chr7	131846430	rs17165970
238760	chr7	131848171	rs3885260
238761	chr7	131857585	rs10464712
238762	chr7	131857928	rs13244980
238763	chr7	131861756	rs10954341
238764	chr7	131861983	rs10954343
238765	chr7	131870241	rs731203
238766	chr7	131871199	rs7796957
238767	chr7	131873696	rs12706998
238768	chr7	131878683	rs888534
238769	chr7	131879440	rs888536
238770	chr7	131880591	rs10263865
238771	chr7	131885935	rs10085839
238772	chr7	131887058	rs7782417
238773	chr7	131887735	rs10085675
238774	chr7	131887892	rs16874053
238775	chr7	131894385	rs1582684
238776	chr7	131905466	rs1991190
238777	chr7	131912570	rs7801748
238778	chr7	131912649	rs12666394
238779	chr7	131912741	rs2216982
238780	chr7	131913187	rs10260150
238781	chr7	131918902	rs2341028
238782	chr7	131919816	rs6944474
238783	chr7	131928517	rs11983666
238784	chr7	131943224	rs17801630
238785	chr7	131943465	rs7806149
238786	chr7	131943941	rs11769507
238787	chr7	131947222	rs12707008
238788	chr7	131949894	rs6943990
238789	chr7	131950014	rs10488345
238790	chr7	131951836	rs2098838
238791	chr7	131958672	rs2113889
238792	chr7	131962654	rs726284
238793	chr7	131968168	rs6467404
238794	chr7	131976842	rs10233805
238795	chr7	131987226	rs6965479
238796	chr7	132000130	rs2137821
238797	chr7	132002530	rs9655876
238798	chr7	132021301	rs12538781
238799	chr7	132023521	rs7811818
238800	chr7	132036663	rs1399087
238801	chr7	132043826	rs1514067
238802	chr7	132045766	rs879404
238803	chr7	132050386	rs7777234
238804	chr7	132054113	rs1355884
238805	chr7	132055087	rs9801310
238806	chr7	132063133	rs1028066
238807	chr7	132063480	rs1514057
238808	chr7	132065173	rs6977162
238809	chr7	132065435	rs10954355
238810	chr7	132065711	rs10248132
238811	chr7	132077419	rs4731843
238812	chr7	132079214	rs4731844
238813	chr7	132093061	rs1567858
238814	chr7	132099201	rs13245659
238815	chr7	132104285	rs3099913
238816	chr7	132106434	rs204291
238817	chr7	132106961	rs281902
238818	chr7	132113100	rs281913
238819	chr7	132130460	rs10954360
238820	chr7	132132112	rs6977223
238821	chr7	132137959	rs281878
238822	chr7	132140148	rs6954317
238823	chr7	132141139	rs7792452
238824	chr7	132143576	rs4728251
238825	chr7	132144440	rs1399091
238826	chr7	132147398	rs1562835
238827	chr7	132148942	rs2598201
238828	chr7	132160352	rs9649039
238829	chr7	132164910	rs896169
238830	chr7	132166496	rs7794234
238831	chr7	132170583	rs10274815
238832	chr7	132170608	rs10954366
238833	chr7	132173081	rs7802114
238834	chr7	132173221	rs6970197
238835	chr7	132180332	rs896170
238836	chr7	132183082	rs6968634
238837	chr7	132185192	rs3734981
238838	chr7	132185348	rs3734980
238839	chr7	132190924	rs7778553
238840	chr7	132194502	rs10954367
238841	chr7	132196520	rs2122637
238842	chr7	132201166	rs4728252
238843	chr7	132201668	rs9649574
238844	chr7	132202269	rs930686
238845	chr7	132204542	rs12668459
238846	chr7	132205089	rs9649042
238847	chr7	132206096	rs4731854
238848	chr7	132209523	rs7781556
238849	chr7	132210395	rs9692157
238850	chr7	132212641	rs12707028
238851	chr7	132214591	rs13228106
238852	chr7	132216389	rs2060723
238853	chr7	132216491	rs17216066
238854	chr7	132216790	rs7781263
238855	chr7	132222285	rs1450879
238856	chr7	132223708	rs2290232
238857	chr7	132224194	rs977267
238858	chr7	132225543	rs10225863
238859	chr7	132226471	rs12111855
238860	chr7	132228885	rs1026194
238861	chr7	132236479	rs1991118
238862	chr7	132238884	rs755755
238863	chr7	132239797	rs1364513
238864	chr7	132242410	rs1125854
238865	chr7	132247264	rs17166279
238866	chr7	132247725	rs6944400
238867	chr7	132247936	rs10488378
238868	chr7	132249749	rs17805585
238869	chr7	132253060	rs11762143
238870	chr7	132254507	rs10237001
238871	chr7	132255499	rs10225838
238872	chr7	132255833	rs10228899
238873	chr7	132257104	rs11770980
238874	chr7	132258189	rs10274622
238875	chr7	132258239	rs11772044
238876	chr7	132259513	rs10954368
238877	chr7	132267084	rs1364512
238878	chr7	132270241	rs1424593
238879	chr7	132271681	rs17166303
238880	chr7	132279636	rs7778725
238881	chr7	132280544	rs13224851
238882	chr7	132282712	rs17166306
238883	chr7	132292096	rs17166309
238884	chr7	132293402	rs10954371
238885	chr7	132298915	rs1424595
238886	chr7	132299170	rs6957015
238887	chr7	132302661	rs1035611
238888	chr7	132310673	rs12155262
238889	chr7	132313442	rs17166330
238890	chr7	132315047	rs11762270
238891	chr7	132316581	rs11763352
238892	chr7	132317993	rs17166338
238893	chr7	132322619	rs2042513
238894	chr7	132323010	rs965801
238895	chr7	132324596	rs1582639
238896	chr7	132325045	rs7795989
238897	chr7	132327615	rs12112256
238898	chr7	132333089	rs10263402
238899	chr7	132335259	rs10272296
238900	chr7	132336656	rs6956868
238901	chr7	132341176	rs10231544
238902	chr7	132345956	rs6467431
238903	chr7	132346186	rs11973890
238904	chr7	132347735	rs6959579
238905	chr7	132352923	rs12539196
238906	chr7	132378393	rs10954373
238907	chr7	132378488	rs6467438
238908	chr7	132378762	rs7807933
238909	chr7	132385294	rs741664
238910	chr7	132394653	rs1529764
238911	chr7	132419222	rs1347229
238912	chr7	132422193	rs2288970
238913	chr7	132422910	rs2288971
238914	chr7	132425480	rs10251424
238915	chr7	132429857	rs2288975
238916	chr7	132430639	rs277479
238917	chr7	132430734	rs2241729
238918	chr7	132434714	rs277483
238919	chr7	132437151	rs2241731
238920	chr7	132439400	rs3752709
238921	chr7	132441583	rs277492
238922	chr7	132451944	rs1426492
238923	chr7	132452411	rs17166480
238924	chr7	132452890	rs7784129
238925	chr7	132454146	rs156940
238926	chr7	132458219	rs156943
238927	chr7	132464171	rs156948
238928	chr7	132465950	rs156931
238929	chr7	132468990	rs4731869
238930	chr7	132469690	rs156932
238931	chr7	132482213	rs4731871
238932	chr7	132484484	rs2288989
238933	chr7	132488021	rs156928
238934	chr7	132498612	rs4728257
238935	chr7	132501915	rs10808263
238936	chr7	132504929	rs10808265
238937	chr7	132506967	rs125095
238938	chr7	132507282	rs11767637
238939	chr7	132512474	rs156968
238940	chr7	132512975	rs17823517
238941	chr7	132516108	rs156974
238942	chr7	132517517	rs156977
238943	chr7	132523880	rs6974251
238944	chr7	132524027	rs10260954
238945	chr7	132526232	rs12535783
238946	chr7	132534181	rs11769821
238947	chr7	132537519	rs7783908
238948	chr7	132540450	rs4731877
238949	chr7	132550030	rs1426499
238950	chr7	132550901	rs1426496
238951	chr7	132553251	rs6467443
238952	chr7	132554669	rs890405
238953	chr7	132556820	rs963046
238954	chr7	132570157	rs1108116
238955	chr7	132578835	rs2288275
238956	chr7	132579269	rs12532261
238957	chr7	132581218	rs12533690
238958	chr7	132591090	rs7806862
238959	chr7	132616641	rs11766036
238960	chr7	132617193	rs1000293
238961	chr7	132624064	rs10273472
238962	chr7	132627975	rs4731886
238963	chr7	132631557	rs17429020
238964	chr7	132636409	rs10229073
238965	chr7	132644486	rs6965827
238966	chr7	132651767	rs6975497
238967	chr7	132655948	rs1863019
238968	chr7	132657384	rs17166659
238969	chr7	132657695	rs12667563
238970	chr7	132669588	rs924368
238971	chr7	132669922	rs17166672
238972	chr7	132672936	rs4731893
238973	chr7	132677288	rs6964520
238974	chr7	132682102	rs1364516
238975	chr7	132683709	rs589610
238976	chr7	132687773	rs665506
238977	chr7	132692727	rs548221
238978	chr7	132693412	rs554703
238979	chr7	132693733	rs7780677
238980	chr7	132694884	rs1424598
238981	chr7	132702351	rs10488668
238982	chr7	132704699	rs541186
238983	chr7	132705222	rs622671
238984	chr7	132709854	rs10488667
238985	chr7	132717292	rs496515
238986	chr7	132718821	rs10954386
238987	chr7	132720182	rs10226516
238988	chr7	132720324	rs17166719
238989	chr7	132720397	rs481158
238990	chr7	132722875	rs672421
238991	chr7	132724744	rs17166729
238992	chr7	132732644	rs593435
238993	chr7	132737488	rs9656412
238994	chr7	132741843	rs2342807
238995	chr7	132745333	rs12707053
238996	chr7	132747831	rs7789422
238997	chr7	132748807	rs11772710
238998	chr7	132756446	rs7795475
238999	chr7	132761481	rs10250472
239000	chr7	132770757	rs17166752
