entrez	chromosome	start	end	symbol	probe
7001	988	6	44387513	44450423	CDC5L	ILMN_1652907
7002	8464	6	44808594	45378050	SUPT3H	ILMN_1721816
7003	8464	6	44808594	45378050	SUPT3H	ILMN_1813277
7004	860	6	45328316	45551081	RUNX2	ILMN_1716651
7005	53405	6	45898450	46080347	CLIC5	ILMN_1778964
7006	22875	6	46129963	46146698	ENPP4	ILMN_1693675
7007	59084	6	46159184	46170999	ENPP5	ILMN_1660727
7008	10231	6	46220729	46492066	RCAN2	ILMN_1794949
7009	51302	6	46549579	46652829	CYP39A1	ILMN_1680417
7010	9481	6	46652914	46678189	SLC25A27	ILMN_1698726
7011	221400	6	46687874	46704318	TDRD6	ILMN_1660261
7012	7941	6	46704315	46735692	PLA2G7	ILMN_1701195
7013	4224	6	46793356	46839781	MEP1A	ILMN_1659984
7014	221395	6	46852504	46954953	GPR116	ILMN_1728785
7015	266977	6	46999378	47042349	GPR110	ILMN_1787932
7016	266977	6	46999378	47042349	GPR110	ILMN_1772315
7017	266977	6	46999378	47042349	GPR110	ILMN_1744299
7018	9425	6	4706158	4955543	CDYL	ILMN_1678075
7019	9425	6	4706158	4955543	CDYL	ILMN_1721415
7020	27242	6	47231526	47309946	TNFRSF21	ILMN_1738006
7021	23607	6	47477745	47627262	CD2AP	ILMN_1730433
7022	222611	6	47656589	47697796	GPR111	ILMN_1715390
7023	221393	6	47698552	47722020	GPR115	ILMN_1684653
7024	221391	6	47782038	47826380	OPN5	ILMN_1784818
7025	221391	6	47782038	47826380	OPN5	ILMN_1665180
7026	442213	6	47878027	48069139	PTCHD4	ILMN_1741039
7027	442213	6	47878027	48069139	PTCHD4	ILMN_1742467
7028	55770	6	485135	693140	EXOC2	ILMN_1731180
7029	4594	6	49430359	49463327	MUT	ILMN_1785113
7030	55166	6	49463340	49493106	CENPQ	ILMN_1670769
7031	135398	6	49550399	49555452	C6orf141	ILMN_1761762
7032	6005	6	49605174	49636873	RHAG	ILMN_1811410
7033	7180	6	49692357	49713589	CRISP2	ILMN_1775569
7034	10321	6	49727375	49744454	CRISP3	ILMN_1814583
7035	5232	6	49785650	49787339	PGK2	ILMN_1681494
7036	167	6	49834256	49877095	CRISP1	ILMN_1773789
7037	167	6	49834256	49877095	CRISP1	ILMN_1758212
7038	10799	6	4995045	5004062	RPP40	ILMN_1810423
7039	83741	6	50713543	50773032	TFAP2D	ILMN_1659378
7040	7021	6	50818725	50847612	TFAP2B	ILMN_1758404
7041	7021	6	50818725	50847612	TFAP2B	ILMN_1853592
7042	5314	6	51615346	52087624	PKHD1	ILMN_1720034
7043	3605	6	52186386	52190637	IL17A	ILMN_1774983
7044	112744	6	52236685	52244499	IL17F	ILMN_1757720
7045	4172	6	52264013	52284880	MCM3	ILMN_1806818
7046	85315	6	52362127	52407776	PAQR8	ILMN_1694589
7047	114327	6	52420195	52495784	EFHC1	ILMN_1755051
7048	9697	6	52497401	52577063	TRAM2	ILMN_1788783
7049	10667	6	5261017	5771582	FARS2	ILMN_1793732
7050	28978	6	52671085	52686587	TMEM14A	ILMN_1785191
7051	2940	6	52896638	52909697	GSTA3	ILMN_1769083
7052	2941	6	52977947	52995379	GSTA4	ILMN_1771964
7053	22858	6	53001299	53061801	ICK	ILMN_1709882
7054	22858	6	53001299	53061801	ICK	ILMN_1706154
7055	26268	6	53057778	53100872	FBXO9	ILMN_1717063
7056	26268	6	53057778	53100872	FBXO9	ILMN_1667120
7057	26268	6	53057778	53100872	FBXO9	ILMN_1777180
7058	26268	6	53057778	53100872	FBXO9	ILMN_1702928
7059	8521	6	53126960	53148825	GCM1	ILMN_1695135
7060	60481	6	53267397	53349178	ELOVL5	ILMN_1712533
7061	2729	6	53497340	53545128	GCLC	ILMN_1730575
7062	401265	6	53647900	53665707	KLHL31	ILMN_1805522
7063	55227	6	53794979	53924120	LRRC1	ILMN_1755383
7064	90523	6	54018908	54266322	MLIP	ILMN_1769789
7065	27283	6	54307863	54390151	TINAG	ILMN_1810684
7066	222584	6	54846686	54945098	FAM83B	ILMN_1782863
7067	3062	6	55106459	55282619	HCRTR2	ILMN_1678065
7068	389400	6	55327468	55402492	GFRAL	ILMN_1691742
7069	54511	6	55434372	55579213	HMGCLL1	ILMN_1762081
7070	653	6	55755437	55875589	BMP5	ILMN_1660552
7071	81578	6	56056589	56247745	COL21A1	ILMN_1732850
7072	667	6	56457986	56954627	DST	ILMN_1666490
7073	667	6	56457986	56954627	DST	ILMN_1675992
7074	667	6	56457986	56954627	DST	ILMN_1703913
7075	667	6	56457986	56954627	DST	ILMN_1665873
7076	221336	6	56954974	57027651	BEND6	ILMN_1706969
7077	57691	6	57046531	57055238	KIAA1586	ILMN_1722034
7078	26036	6	57090009	57170304	ZNF451	ILMN_1710735
7079	26036	6	57090009	57170304	ZNF451	ILMN_1706734
7080	26036	6	57090009	57170304	ZNF451	ILMN_1722108
7081	9532	6	57172305	57185214	BAG2	ILMN_1759618
7082	51715	6	57186991	57222313	RAB23	ILMN_1751040
7083	51715	6	57186991	57222313	RAB23	ILMN_1667417
7084	51715	6	57186991	57222313	RAB23	ILMN_1729713
7085	5558	6	57314804	57646849	PRIM2	ILMN_1775975
7086	5558	6	57314804	57646849	PRIM2	ILMN_1742922
7087	5558	6	57314804	57646849	PRIM2	ILMN_1694100
7088	51299	6	5997998	6007604	NRN1	ILMN_1682466
7089	2162	6	6144077	6321012	F13A1	ILMN_1717163
7090	202559	6	61630433	62286194	KHDRBS2	ILMN_1658237
7091	51557	6	63275950	63319976	LGSN	ILMN_1742620
7092	7803	6	63528020	63583587	PTP4A1	ILMN_1760575
7093	23469	6	63635801	63714510	PHF3	ILMN_1743281
7094	23469	6	63635801	63714510	PHF3	ILMN_1680844
7095	346007	6	63719979	65707224	EYS	ILMN_1753713
7096	441155	6	65301417	65305612	LOC441155	ILMN_1721733
7097	135458	6	655938	656963	HUS1B	ILMN_1706410
7098	9450	6	6588655	6654982	LY86	ILMN_1807825
7099	577	6	68635317	69389510	BAI3	ILMN_1671076
7100	55788	6	69675748	69797156	LMBRD1	ILMN_1652128
7101	1310	6	69866555	70212453	COL19A1	ILMN_1795843
7102	1297	6	70216039	70303082	COL9A1	ILMN_1814701
7103	1297	6	70216039	70303082	COL9A1	ILMN_1665374
7104	57579	6	70413403	70561173	FAM135A	ILMN_1804454
7105	135154	6	70566921	70588902	C6orf57	ILMN_1728057
7106	135152	6	70861365	70957084	B3GAT2	ILMN_1774208
7107	6239	6	7107596	7251979	RREB1	ILMN_1658626
7108	6239	6	7107596	7251979	RREB1	ILMN_1652423
7109	79627	6	71288773	71308949	OGFRL1	ILMN_1715809
7110	79940	6	71310037	71328110	LINC00472	ILMN_1666617
7111	22999	6	71886702	72403142	RIMS1	ILMN_1700759
7112	56479	6	72621842	73198850	KCNQ5	ILMN_1690833
7113	56479	6	72621842	73198850	KCNQ5	ILMN_1876691
7114	6745	6	7281049	7313307	SSR1	ILMN_1750693
7115	80759	6	73241313	73310214	KHDC1	ILMN_1696711
7116	285782	6	7326653	7389708	CAGE1	ILMN_1779155
7117	285782	6	7326653	7389708	CAGE1	ILMN_1745724
7118	340168	6	73353061	73354275	DPPA5	ILMN_1813998
7119	154288	6	73362670	73364174	KHDC3L	ILMN_1745656
7120	441161	6	73368554	73369791	OOEP	ILMN_1651727
7121	55510	6	73394561	73417565	DDX43	ILMN_1813893
7122	115004	6	73416513	73452329	MB21D1	ILMN_1706645
7123	25821	6	73461730	73501455	MTO1	ILMN_1748147
7124	1915	6	73515749	73521031	EEF1A1	ILMN_1685985
7125	1915	6	73515749	73521031	EEF1A1	ILMN_1687080
7126	26503	6	73593378	73654013	SLC17A5	ILMN_1771317
7127	83732	6	7389828	7418036	RIOK1	ILMN_1652487
7128	83732	6	7389828	7418036	RIOK1	ILMN_1797534
7129	1303	6	75084325	75206050	COL12A1	ILMN_1733756
7130	1303	6	75084325	75206050	COL12A1	ILMN_1741695
7131	1347	6	75237674	75243927	COX7A2	ILMN_1701293
7132	55754	6	75252921	75284915	TMEM30A	ILMN_1802337
7133	27145	6	75294890	75493799	FILIP1	ILMN_1657039
7134	1832	6	7541636	7586712	DSP	ILMN_1804478
7135	1832	6	7541636	7586712	DSP	ILMN_1655614
7136	26054	6	75601879	75718280	SENP6	ILMN_1761731
7137	4646	6	75749175	75919536	MYO6	ILMN_1727080
7138	154007	6	7590198	7611966	SNRNP48	ILMN_1754304
7139	3617	6	75921113	76072677	IMPG1	ILMN_1722369
7140	654	6	7726777	7881727	BMP6	ILMN_1747650
7141	3351	6	77462230	77463402	HTR1B	ILMN_1814206
7142	81567	6	7881249	7910813	TXNDC5	ILMN_1769082
7143	134728	6	78867543	78945456	IRAK1BP1	ILMN_1779639
7144	55023	6	78934418	79078293	PHIP	ILMN_1788689
7145	9324	6	79201244	79235469	HMGN3	ILMN_1731984
7146	167691	6	79484990	79537429	LCA5	ILMN_1743810
7147	83699	6	79631282	79703651	SH3BGRL2	ILMN_1762764
7148	6785	6	79914811	79947597	ELOVL4	ILMN_1737965
7149	7272	6	80004604	80042526	TTK	ILMN_1788166
7150	594	6	80106626	80346269	BCKDHB	ILMN_1764166
7151	594	6	80106626	80346269	BCKDHB	ILMN_1655433
7152	9521	6	8073359	8102594	EEF1E1	ILMN_1725105
7153	55603	6	81745729	81752710	FAM46A	ILMN_1740466
7154	25998	6	82170237	82247746	IBTK	ILMN_1675669
7155	7162	6	82363205	82367416	TPBG	ILMN_1756230
7156	90025	6	82892466	83065831	UBE3D	ILMN_1719103
7157	5238	6	83164872	83193935	PGM3	ILMN_1693620
7158	112611	6	83193312	83198934	RWDD2A	ILMN_1722156
7159	4199	6	83210388	83431218	ME1	ILMN_1736042
7160	167681	6	83512474	83525703	PRSS35	ILMN_1769580
7161	9892	6	83552884	83709407	SNAP91	ILMN_1733648
7162	134701	6	83853265	83857514	RIPPLY2	ILMN_1709413
7163	51167	6	83859650	83960426	CYB5R4	ILMN_1688158
7164	112609	6	84023026	84090886	MRAP2	ILMN_1794829
7165	22832	6	84124240	84227666	CEP162	ILMN_1781174
7166	51000	6	8413066	8435566	SLC35B3	ILMN_1682910
7167	9096	6	84687435	84764623	TBX18	ILMN_1808457
7168	4907	6	85449583	85495790	NT5E	ILMN_1697220
7169	57231	6	85505495	85594139	SNX14	ILMN_1712868
7170	57231	6	85505495	85594139	SNX14	ILMN_1667810
7171	10492	6	85607783	85643849	SYNCRIP	ILMN_1727740
7172	3354	6	86937305	87016678	HTR1E	ILMN_1794095
7173	1081	6	87085497	87095146	CGA	ILMN_1734176
7174	23036	6	87155550	87264195	ZNF292	ILMN_1714412
7175	375519	6	87282978	87329277	GJB7	ILMN_1801454
7176	57150	6	87322587	87342327	SMIM8	ILMN_1693323
7177	206412	6	87344655	87365462	C6orf163	ILMN_1805932
7178	154313	6	87407971	87464472	C6orf165	ILMN_1757837
7179	154313	6	87407971	87464472	C6orf165	ILMN_1771746
7180	10559	6	87472924	87512338	SLC35A1	ILMN_1741440
7181	57038	6	87514377	87590016	RARS2	ILMN_1758214
7182	23595	6	87590066	87667453	ORC3	ILMN_1784946
7183	55122	6	87674859	87702266	AKIRIN2	ILMN_1666602
7184	81833	6	88047788	88066831	SPACA1	ILMN_1807123
7185	1268	6	88139863	88166687	CNR1	ILMN_1813581
7186	8732	6	88609896	88963720	RNGTT	ILMN_1734198
7187	10957	6	89080709	89085159	PNRC1	ILMN_1789955
7188	135295	6	89095958	89118080	SRSF12	ILMN_1775345
7189	135293	6	89140312	89165568	PM20D2	ILMN_1766000
7190	2569	6	89177503	89231287	GABRR1	ILMN_1760431
7191	2570	6	89257120	89315298	GABRR2	ILMN_1676870
7192	51465	6	89326624	89352899	UBE2J1	ILMN_1713759
7193	58528	6	89364615	89412275	RRAGD	ILMN_1699772
7194	22881	6	89433177	89633833	ANKRD6	ILMN_1698159
7195	57226	6	89632223	89638754	LYRM2	ILMN_1703132
7196	23195	6	89642774	89819763	MDN1	ILMN_1741260
7197	9994	6	89829899	89874435	CASP8AP2	ILMN_1652766
7198	84694	6	89894468	89896099	GJA10	ILMN_1767177
7199	60468	6	89926527	90296907	BACH2	ILMN_1670695
7200	60468	6	89926527	90296907	BACH2	ILMN_1653892
7201	60468	6	89926527	90296907	BACH2	ILMN_1659943
7202	6885	6	90513572	90587300	MAP3K7	ILMN_1810176
7203	2045	6	93240019	93419583	EPHA7	ILMN_1803637
7204	79694	6	95577496	95609456	MANEA	ILMN_1734702
7205	79694	6	95577496	95609456	MANEA	ILMN_1757026
7206	10690	6	96015968	96215611	FUT9	ILMN_1705352
7207	23376	6	96521825	96555275	UFL1	ILMN_1786295
7208	9457	6	96562547	96619929	FHL5	ILMN_1669023
7209	81491	6	96794121	96837476	GPR63	ILMN_1703201
7210	29078	6	96889310	96897890	NDUFAF4	ILMN_1659524
7211	114792	6	96924619	97140753	KLHL32	ILMN_1751279
7212	253714	6	97142160	97283247	MMS22L	ILMN_1783075
7213	5454	6	98834703	98838789	POU3F2	ILMN_1725772
7214	26235	6	98873724	98948005	FBXL4	ILMN_1671393
7215	84553	6	99272916	99350016	FAXC	ILMN_1715096
7216	51805	6	99369400	99394205	COQ3	ILMN_1801378
7217	25957	6	99398053	99425394	PNISR	ILMN_1742099
7218	892	6	99542386	99568972	CCNC	ILMN_1676423
7219	892	6	99542386	99568972	CCNC	ILMN_1681914
7220	59336	6	99606773	99615577	PRDM13	ILMN_1698753
7221	84539	6	99919909	99994237	MCHR2	ILMN_1710322
7222	7586	7	100015571	100045177	ZKSCAN1	ILMN_1727603
7223	7551	7	100063846	100082547	ZNF3	ILMN_1786215
7224	7551	7	100063846	100082547	ZNF3	ILMN_1778560
7225	10980	7	100088959	100092199	COPS6	ILMN_1764431
7226	4176	7	100092727	100101939	MCM7	ILMN_1800654
7227	4176	7	100092727	100101939	MCM7	ILMN_1663195
7228	4176	7	100092727	100101939	MCM7	ILMN_1704702
7229	9179	7	100101489	100107179	AP4M1	ILMN_1779512
7230	6878	7	100107069	100119857	TAF6	ILMN_1668351
7231	245812	7	100119641	100125507	CNPY4	ILMN_1758487
7232	245812	7	100119641	100125507	CNPY4	ILMN_1779442
7233	245812	7	100119641	100125507	CNPY4	ILMN_1777314
7234	255374	7	100126693	100128497	MBLAC1	ILMN_1791438
7235	389541	7	100148906	100154209	LAMTOR4	ILMN_1779735
7236	55262	7	100154419	100158678	C7orf43	ILMN_1813507
7237	79690	7	100159241	100168749	GAL3ST4	ILMN_1693452
7238	221914	7	100169605	100177366	GPC2	ILMN_1651642
7239	352954	7	100200652	100272231	GATS	ILMN_1699631
7240	79037	7	100218748	100221489	PVRIG	ILMN_1780977
7241	101752399	7	100336064	100367830	STAG3L5P-PVRIG2P-PILRB	ILMN_1760345
7242	29992	7	100367534	100400098	PILRA	ILMN_1729915
7243	29992	7	100367534	100400098	PILRA	ILMN_1663753
7244	55063	7	100400825	100429413	ZCWPW1	ILMN_1751963
7245	56257	7	100428789	100434125	MEPCE	ILMN_1739616
7246	221908	7	100435276	100436599	PPP1R35	ILMN_1738514
7247	402573	7	100456614	100464270	C7orf61	ILMN_1753083
7248	81628	7	100466518	100479278	TSC22D4	ILMN_1706609
7249	222950	7	100483868	100494801	NYAP1	ILMN_1722007
7250	3268	7	100539210	100568219	AGFG2	ILMN_1703228
7251	3268	7	100539210	100568219	AGFG2	ILMN_1652023
7252	100316904	7	100572227	100573863	SAP25	ILMN_1654518
7253	26261	7	100586332	100601116	FBXO24	ILMN_1686466
7254	26261	7	100586332	100601116	FBXO24	ILMN_1745672
7255	5118	7	100602258	100608174	PCOLCE	ILMN_1707070
7256	64598	7	100612101	100615379	MOSPD3	ILMN_1805345
7257	7036	7	100620415	100642772	TFR2	ILMN_1724738
7258	51412	7	100643096	100656460	ACTL6B	ILMN_1657855
7259	2783	7	100673739	100679168	GNB2	ILMN_1658928
7260	64599	7	100679506	100694272	GIGYF1	ILMN_1815639
7261	10248	7	100706052	100707499	POP7	ILMN_1680091
7262	2056	7	100720799	100723699	EPO	ILMN_1658867
7263	7455	7	100733625	100797796	ZAN	ILMN_1692602
7264	2050	7	100802564	100827520	EPHB4	ILMN_1734624
7265	56996	7	100835455	100867011	SLC12A9	ILMN_1695962
7266	7205	7	100867327	100873453	TRIP6	ILMN_1713990
7267	51593	7	100875078	100888663	SRRT	ILMN_1800205
7268	402682	7	100888722	100889717	UFSP1	ILMN_1771601
7269	43	7	100889993	100896913	ACHE	ILMN_1669291
7270	4584	7	100949453	100967601	MUC3A	ILMN_1657074
7271	10071	7	100969622	101018948	MUC12	ILMN_1660658
7272	10071	7	100969622	101018948	MUC12	ILMN_1799020
7273	140453	7	101020082	101058858	MUC17	ILMN_1724375
7274	81844	7	101085504	101090627	TRIM56	ILMN_1666376
7275	5054	7	101127088	101139265	SERPINE1	ILMN_1744381
7276	1174	7	101154404	101161275	AP1S1	ILMN_1662927
7277	1174	7	101154404	101161275	AP1S1	ILMN_1751345
7278	1174	7	101154404	101161275	AP1S1	ILMN_1712806
7279	7425	7	101162508	101167580	VGF	ILMN_1757497
7280	346606	7	101195728	101201020	MOGAT3	ILMN_1694634
7281	8985	7	101205976	101217729	PLOD3	ILMN_1714350
7282	10467	7	101217703	101224189	ZNHIT1	ILMN_1741491
7283	24146	7	101232091	101238819	CLDN15	ILMN_1682226
7284	51024	7	101239611	101245089	FIS1	ILMN_1658351
7285	64792	7	101313366	101321822	IFT22	ILMN_1787951
7286	93408	7	101613324	101629295	MYL10	ILMN_1694389
7287	1523	7	101815903	102283957	CUX1	ILMN_1687567
7288	1523	7	101815903	102283957	CUX1	ILMN_1744659
7289	10603	7	102285067	102321710	SH2B2	ILMN_1669833
7290	80228	7	102433529	102456820	ORAI2	ILMN_1652928
7291	222229	7	102464887	102473167	LRWD1	ILMN_1682368
7292	5439	7	102473099	102478998	POLR2J	ILMN_1657317
7293	222235	7	102812860	103074840	FBXL13	ILMN_1791253
7294	10234	7	102912896	102945110	LRRC17	ILMN_1674793
7295	10234	7	102912896	102945110	LRRC17	ILMN_1652826
7296	83787	7	103074726	103099762	ARMC10	ILMN_1689296
7297	222236	7	103099575	103150630	NAPEPLD	ILMN_1762033
7298	349152	7	103175012	103280465	DPY19L2P2	ILMN_1735593
7299	9512	7	103297425	103329901	PMPCB	ILMN_1728660
7300	5701	7	103344404	103369394	PSMC2	ILMN_1768784
7301	375611	7	103352729	103446176	SLC26A5	ILMN_1796154
7302	375611	7	103352729	103446176	SLC26A5	ILMN_1717710
7303	5649	7	103471783	103989515	RELN	ILMN_1800642
7304	5001	7	104126340	104208046	ORC5	ILMN_1705093
7305	5001	7	104126340	104208046	ORC5	ILMN_1688094
7306	55904	7	105014189	105114084	KMT2E	ILMN_1783606
7307	6733	7	105113600	105399166	SRPK2	ILMN_1720491
7308	6733	7	105113600	105399166	SRPK2	ILMN_1669215
7309	6733	7	105113600	105399166	SRPK2	ILMN_1657451
7310	6733	7	105113600	105399166	SRPK2	ILMN_1695468
7311	54517	7	105456500	105532044	PUS7	ILMN_1779353
7312	115330	7	1054857	1059268	GPR146	ILMN_1684227
7313	60561	7	105532084	105567683	RINT1	ILMN_1784584
7314	222255	7	105604380	105876599	ATXN7L1	ILMN_1777260
7315	222256	7	105876806	106036430	CDHR3	ILMN_1809817
7316	6856	7	106090367	106112646	SYPL1	ILMN_1764087
7317	6856	7	106090367	106112646	SYPL1	ILMN_1691458
7318	6856	7	106090367	106112646	SYPL1	ILMN_1686380
7319	10135	7	106248284	106285731	NAMPT	ILMN_1753111
7320	10135	7	106248284	106285731	NAMPT	ILMN_1653871
7321	5294	7	106865277	106908977	PIK3CG	ILMN_1770433
7322	5577	7	107044732	107161810	PRKAR2B	ILMN_1684850
7323	10466	7	107201743	107564513	COG5	ILMN_1721535
7324	10466	7	107201743	107564513	COG5	ILMN_1698621
7325	2845	7	107470056	107475679	GPR22	ILMN_1684865
7326	11062	7	107563956	107578522	DUS4L	ILMN_1776858
7327	55973	7	107579976	107623316	BCAP29	ILMN_1764575
7328	55973	7	107579976	107623316	BCAP29	ILMN_1697642
7329	55973	7	107579976	107623316	BCAP29	ILMN_1737380
7330	5172	7	107660634	107717808	SLC26A4	ILMN_1652465
7331	79872	7	107743696	107761666	CBLL1	ILMN_1705433
7332	1811	7	107765466	107803232	SLC26A3	ILMN_1760087
7333	1738	7	107891140	107921197	DLD	ILMN_1664577
7334	3912	7	107923800	108003358	LAMB1	ILMN_1658709
7335	22798	7	108023550	108130355	LAMB4	ILMN_1792301
7336	4897	7	108147625	108456716	NRCAM	ILMN_1722809
7337	50640	7	108470421	108528160	PNPLA8	ILMN_1680223
7338	168451	7	108562143	108569767	THAP5	ILMN_1769150
7339	4189	7	108569744	108574849	DNAJB9	ILMN_1773742
7340	2852	7	1086806	1093814	GPER1	ILMN_1795298
7341	2852	7	1086806	1093814	GPER1	ILMN_1665435
7342	154907	7	108883980	108884579	C7orf66	ILMN_1726640
7343	4697	7	10931952	10940185	NDUFA4	ILMN_1751258
7344	9678	7	10973871	11169622	PHF14	ILMN_1653438
7345	9678	7	10973871	11169622	PHF14	ILMN_1737811
7346	83943	7	110663049	111562531	IMMP2L	ILMN_1809292
7347	54674	7	111091005	111125453	LRRN3	ILMN_1773650
7348	9732	7	111726107	112206406	DOCK4	ILMN_1801044
7349	11179	7	112206587	112343933	ZNF277	ILMN_1681628
7350	3475	7	112423143	112477202	IFRD1	ILMN_1667561
7351	286006	7	112480326	112491061	LSMEM1	ILMN_1804895
7352	64418	7	112762381	112790712	TMEM168	ILMN_1758679
7353	154743	7	112819146	112939876	C7orf60	ILMN_1788393
7354	154743	7	112819146	112939876	C7orf60	ILMN_1658210
7355	54329	7	113080412	113087777	GPR85	ILMN_1748338
7356	401397	7	113116717	113118581	LINC00998	ILMN_1857915
7357	93986	7	114086309	114693771	FOXP2	ILMN_1856141
7358	93986	7	114086309	114693771	FOXP2	ILMN_1695355
7359	29969	7	114922153	115019915	MDFIC	ILMN_1717366
7360	90637	7	1152906	1160218	ZFAND2A	ILMN_1694671
7361	22797	7	115935147	116030812	TFEC	ILMN_1687749
7362	22797	7	115935147	116030812	TFEC	ILMN_1711332
7363	26136	7	116210492	116258785	TES	ILMN_1765246
7364	26136	7	116210492	116258785	TES	ILMN_1679546
7365	858	7	116499600	116508540	CAV2	ILMN_1735220
7366	858	7	116499600	116508540	CAV2	ILMN_1658835
7367	857	7	116524784	116561184	CAV1	ILMN_1687583
7368	4233	7	116672356	116798385	MET	ILMN_1715175
7369	830	7	116862508	116919258	CAPZA2	ILMN_1768870
7370	7982	7	116953326	117230022	ST7	ILMN_1746137
7371	7982	7	116953326	117230022	ST7	ILMN_1702175
7372	7982	7	116953326	117230022	ST7	ILMN_1707763
7373	338069	7	116953898	116959812	ST7-OT4	ILMN_1768840
7374	7472	7	117276630	117323288	WNT2	ILMN_1694011
7375	136991	7	117363221	117427522	ASZ1	ILMN_1782246
7376	1080	7	117470771	117668664	CFTR	ILMN_1705813
7377	83992	7	117710647	117873506	CTTNBP2	ILMN_1759920
7378	51691	7	118184031	118204038	LSM8	ILMN_1805590
7379	56311	7	118224657	118242730	ANKRD7	ILMN_1779951
7380	3751	7	120273634	120750332	KCND2	ILMN_1748755
7381	23554	7	120787319	120858365	TSPAN12	ILMN_1665572
7382	54556	7	120950762	120975656	ING3	ILMN_1683666
7383	79974	7	120988696	121297443	CPED1	ILMN_1677038
7384	51384	7	121325366	121341103	WNT16	ILMN_1731964
7385	51384	7	121325366	121341103	WNT16	ILMN_1679215
7386	10447	7	121348850	121396367	FAM3C	ILMN_1777261
7387	5803	7	121873104	122062035	PTPRZ1	ILMN_1676616
7388	10157	7	122073543	122144289	AASS	ILMN_1678323
7389	54664	7	12211202	12237263	TMEM106B	ILMN_1668943
7390	389549	7	122301318	122311118	FEZF1	ILMN_1813585
7391	93664	7	122318423	122886758	CADPS2	ILMN_1801370
7392	93664	7	122318423	122886758	CADPS2	ILMN_1684461
7393	168433	7	122697711	122699153	RNF133	ILMN_1710026
7394	50833	7	122994704	122995699	TAS2R16	ILMN_1706672
7395	6561	7	123113533	123199970	SLC13A1	ILMN_1797717
7396	340260	7	1233017	1236976	UNCX	ILMN_1763035
7397	340260	7	1233017	1236976	UNCX	ILMN_1668490
7398	221806	7	12330882	12404225	VWDE	ILMN_1699275
7399	154865	7	123451938	123534663	IQUB	ILMN_1682616
7400	4698	7	123541028	123557903	NDUFA5	ILMN_1759973
7401	142685	7	123601835	123637896	ASB15	ILMN_1763514
7402	8976	7	123681926	123749070	WASL	ILMN_1666004
7403	23553	7	123845165	123877477	HYAL4	ILMN_1704598
7404	6677	7	123925231	123971409	SPAM1	ILMN_1661251
7405	2861	7	124745600	124766024	GPR37	ILMN_1668271
7406	25913	7	124822385	124929982	POT1	ILMN_1692041
7407	85477	7	12570576	12653602	SCIN	ILMN_1813561
7408	2918	7	126438597	127252380	GRM8	ILMN_1729212
7409	10124	7	12686826	12690933	ARL4A	ILMN_1775405
7410	10124	7	12686826	12690933	ARL4A	ILMN_1743241
7411	10124	7	12686826	12690933	ARL4A	ILMN_1704842
7412	168850	7	127347179	127392723	ZNF800	ILMN_1688346
7413	79571	7	127580627	127585599	GCC1	ILMN_1682206
7414	381	7	127588351	127591704	ARF5	ILMN_1752340
7415	29999	7	127593634	127601796	FSCN3	ILMN_1689635
7416	5078	7	127610291	127615927	PAX4	ILMN_1793101
7417	27044	7	127652147	128092606	SND1	ILMN_1767969
7418	64101	7	128027070	128030948	LRRC4	ILMN_1794846
7419	3952	7	128241188	128257628	LEP	ILMN_1685470
7420	157247	7	128297684	128307762	MGC27345	ILMN_1660412
7421	55131	7	128310375	128343907	RBM28	ILMN_1793033
7422	3614	7	128392276	128409987	IMPDH1	ILMN_1676515
7423	29923	7	128455829	128458417	HILPDA	ILMN_1659990
7424	55798	7	128476728	128502923	METTL2B	ILMN_1735958
7425	402483	7	128641240	128660997	LINC01000	ILMN_1743569
7426	402483	7	128641240	128660997	LINC01000	ILMN_1712289
7427	402483	7	128641240	128660997	LINC01000	ILMN_1697540
7428	346653	7	128672265	128683320	FAM71F2	ILMN_1788806
7429	84691	7	128709060	128731742	FAM71F1	ILMN_1659464
7430	813	7	128739291	128773422	CALU	ILMN_1727194
7431	611	7	128772488	128775789	OPN1SW	ILMN_1757379
7432	64753	7	128791409	128822132	CCDC136	ILMN_1706935
7433	2318	7	128830381	128859273	FLNC	ILMN_1715748
7434	9296	7	128862802	128865848	ATP6V1F	ILMN_1678308
7435	3663	7	128937939	128950034	IRF5	ILMN_1670576
7436	23534	7	128954179	129055172	TNPO3	ILMN_1730679
7437	286016	7	129055222	129057238	TPI1P2	ILMN_1684114
7438	407835	7	129126270	129128006	LOC407835	ILMN_1688124
7439	340348	7	129144751	129169692	TSPAN33	ILMN_1749403
7440	6608	7	129188871	129213544	SMO	ILMN_1782098
7441	23382	7	129225013	129430210	AHCYL2	ILMN_1712786
7442	57464	7	129434432	129488398	STRIP2	ILMN_1733108
7443	4899	7	129611713	129757081	NRF1	ILMN_1656017
7444	7328	7	129830731	129952959	UBE2H	ILMN_1757644
7445	7328	7	129830731	129952959	UBE2H	ILMN_1674633
7446	7328	7	129830731	129952959	UBE2H	ILMN_1721651
7447	51530	7	130018285	130051450	ZC3HC1	ILMN_1787922
7448	23008	7	130070508	130135719	KLHDC10	ILMN_1702635
7449	84928	7	130164714	130205497	TMEM209	ILMN_1748926
7450	1358	7	130266862	130289797	CPA2	ILMN_1807503
7451	51200	7	130293133	130324179	CPA4	ILMN_1784294
7452	93979	7	130344789	130368729	CPA5	ILMN_1791530
7453	1357	7	130380448	130388107	CPA1	ILMN_1754364
7454	95681	7	130393770	130441209	CEP41	ILMN_1797209
7455	4232	7	130486174	130506296	MEST	ILMN_1669479
7456	4232	7	130486174	130506296	MEST	ILMN_1651478
7457	4232	7	130486174	130506296	MEST	ILMN_1742307
7458	26958	7	130506237	130668757	COPG2	ILMN_1722065
7459	114960	7	130668645	130686567	TSGA13	ILMN_1758790
7460	4289	7	131110095	131496638	MKLN1	ILMN_1742578
7461	5420	7	131500261	131556616	PODXL	ILMN_1711311
7462	91584	7	132123331	132648687	PLXNA4	ILMN_1749343
7463	286023	7	132648793	132728768	FLJ40288	ILMN_1664364
7464	54927	7	132784861	133082072	CHCHD3	ILMN_1673026
7465	60412	7	133253066	134065760	EXOC4	ILMN_1742827
7466	136332	7	134127351	134264180	LRGUK	ILMN_1681720
7467	84912	7	134289336	134317074	SLC35B4	ILMN_1718474
7468	231	7	134442354	134459135	AKR1B1	ILMN_1701731
7469	57016	7	134527591	134541413	AKR1B10	ILMN_1672148
7470	441282	7	134549096	134579862	AKR1B15	ILMN_1763999
7471	669	7	134646778	134679815	BPGM	ILMN_1734562
7472	669	7	134646778	134679815	BPGM	ILMN_1788764
7473	800	7	134779412	134970728	CALD1	ILMN_1717990
7474	800	7	134779412	134970728	CALD1	ILMN_1730487
7475	55281	7	135148013	135166214	TMEM140	ILMN_1736863
7476	29062	7	135183837	135211563	WDR91	ILMN_1652223
7477	346673	7	135231978	135258491	STRA8	ILMN_1721689
7478	4850	7	135361794	135510126	CNOT4	ILMN_1772677
7479	4850	7	135361794	135510126	CNOT4	ILMN_1794324
7480	23165	7	135557913	135648752	NUP205	ILMN_1673962
7481	26266	7	135681230	135728194	SLC13A4	ILMN_1663723
7482	389558	7	135728347	135748867	FAM180A	ILMN_1671718
7483	5764	7	137227340	137343859	PTN	ILMN_1813753
7484	9162	7	137389638	137846862	DGKI	ILMN_1718266
7485	64764	7	137874978	138002100	CREB3L2	ILMN_1751097
7486	6718	7	138076431	138118303	AKR1D1	ILMN_1692661
7487	8805	7	138460333	138585587	TRIM24	ILMN_1798032
7488	8805	7	138460333	138585587	TRIM24	ILMN_1711247
7489	136306	7	138594284	138701223	SVOPL	ILMN_1754555
7490	50617	7	138706293	138799559	ATP6V0A4	ILMN_1678186
7491	50617	7	138706293	138799559	ATP6V0A4	ILMN_1735801
7492	50617	7	138706293	138799559	ATP6V0A4	ILMN_1812896
7493	155006	7	138797918	138806023	TMEM213	ILMN_1739126
7494	2115	7	13891228	13991424	ETV1	ILMN_1685891
7495	92092	7	139025705	139036028	ZC3HAV1L	ILMN_1767076
7496	56829	7	139043519	139109719	ZC3HAV1	ILMN_1667068
7497	56829	7	139043519	139109719	ZC3HAV1	ILMN_1729973
7498	56829	7	139043519	139109719	ZC3HAV1	ILMN_1724837
7499	79989	7	139133743	139191985	TTC26	ILMN_1676555
7500	154791	7	139340449	139346318	C7orf55	ILMN_1779751
7501	28996	7	139561569	139777893	HIPK2	ILMN_1687440
7502	28996	7	139561569	139777893	HIPK2	ILMN_1719828
7503	6916	7	139778247	140020324	TBXAS1	ILMN_1713036
7504	6916	7	139778247	140020324	TBXAS1	ILMN_1670808
7505	64761	7	140023743	140064285	PARP12	ILMN_1718558
7506	84255	7	140333751	140398549	SLC37A3	ILMN_1779979
7507	84255	7	140333751	140398549	SLC37A3	ILMN_1671704
7508	401409	7	140404042	140426852	RAB19	ILMN_1785297
7509	23608	7	140453039	140479568	MKRN1	ILMN_1671583
7510	27147	7	140518419	140641484	DENND2A	ILMN_1666503
7511	90956	7	140672929	140695110	ADCK2	ILMN_1663132
7512	4708	7	140696680	140706645	NDUFB2	ILMN_1714495
7513	673	7	140719333	140924763	BRAF	ILMN_1652472
7514	51650	7	141006160	141014980	MRPS33	ILMN_1772722
7515	51650	7	141006160	141014980	MRPS33	ILMN_1741264
7516	1607	7	14145048	14903655	DGKB	ILMN_1697914
7517	1607	7	14145048	14903655	DGKB	ILMN_1699693
7518	1607	7	14145048	14903655	DGKB	ILMN_1732636
7519	55750	7	141551277	141654408	AGK	ILMN_1772645
7520	57189	7	141652380	141702152	KIAA1147	ILMN_1857069
7521	57189	7	141652380	141702152	KIAA1147	ILMN_1885728
7522	6742	7	141738320	141750487	SSBP1	ILMN_1809478
7523	50831	7	141764096	141765196	TAS2R3	ILMN_1718253
7524	50832	7	141778488	141779387	TAS2R4	ILMN_1745038
7525	54429	7	141790216	141791365	TAS2R5	ILMN_1752867
7526	136242	7	141836277	141841531	PRSS37	ILMN_1796092
7527	8972	7	141911493	142106746	MGAM	ILMN_1727177
7528	8972	7	141911493	142106746	MGAM	ILMN_1714643
7529	130075	7	141918875	141919819	OR9A4	ILMN_1739155
7530	23601	7	141927356	141946982	CLEC5A	ILMN_1780465
7531	5726	7	141972630	141973772	TAS2R38	ILMN_1751637
7532	136541	7	142252137	142258057	PRSS58	ILMN_1799067
7533	5644	7	142749467	142753075	PRSS1	ILMN_1734773
7534	2051	7	142855013	142871092	EPHB6	ILMN_1802646
7535	55503	7	142871202	142885744	TRPV6	ILMN_1674533
7536	135927	7	142939505	142940869	C7orf34	ILMN_1700588
7537	3792	7	142941113	142962415	KEL	ILMN_1738468
7538	135924	7	143026199	143027131	OR9A2	ILMN_1703883
7539	346517	7	143052340	143053281	OR6V1	ILMN_1715259
7540	89883	7	143062283	143063784	OR6W1P	ILMN_1706803
7541	5304	7	143132080	143139740	PIP	ILMN_1679104
7542	373156	7	143263428	143269128	GSTK1	ILMN_1725241
7543	135932	7	143284898	143288048	TMEM139	ILMN_1683470
7544	835	7	143288214	143307695	CASP2	ILMN_1736568
7545	1180	7	143316125	143352003	CLCN1	ILMN_1686865
7546	9715	7	143353399	143382282	FAM131B	ILMN_1794744
7547	9715	7	143353399	143382282	FAM131B	ILMN_1800000
7548	9715	7	143353399	143382282	FAM131B	ILMN_1652694
7549	7791	7	143381244	143391110	ZYX	ILMN_1701875
7550	2041	7	143391067	143408891	EPHA1	ILMN_1664265
7551	79778	7	1434358	1459501	MICALL2	ILMN_1712291
7552	79778	7	1434358	1459501	MICALL2	ILMN_1664581
7553	338398	7	143443452	143444408	TAS2R60	ILMN_1715923
7554	259287	7	143477872	143478795	TAS2R41	ILMN_1693303
7555	9747	7	143851367	143902197	FAM115A	ILMN_1805968
7556	135948	7	143935232	143936185	OR2F2	ILMN_1772073
7557	26211	7	143959926	143961014	OR2F1	ILMN_1728067
7558	135946	7	144003996	144004931	OR6B1	ILMN_1691080
7559	393046	7	144050401	144051336	OR2A5	ILMN_1732024
7560	392138	7	144074219	144075151	OR2A25	ILMN_1743654
7561	346525	7	144095107	144096039	OR2A12	ILMN_1704859
7562	442361	7	144109582	144110538	OR2A2	ILMN_1777638
7563	135941	7	144129112	144130044	OR2A14	ILMN_1714891
7564	445328	7	144186082	144195697	ARHGEF35	ILMN_1770767
7565	445328	7	144186082	144195697	ARHGEF35	ILMN_1804861
7566	7984	7	144355340	144380631	ARHGEF5	ILMN_1708093
7567	135935	7	144397239	144410226	NOBOX	ILMN_1748607
7568	27010	7	144451940	144836394	TPK1	ILMN_1804629
7569	26047	7	146116360	148420997	CNTNAP2	ILMN_1690223
7570	26173	7	1470276	1504381	INTS1	ILMN_1793854
7571	202865	7	148590564	148615859	C7orf33	ILMN_1779225
7572	8454	7	148698653	148801109	CUL1	ILMN_1749629
7573	2146	7	148807371	148884348	EZH2	ILMN_1708105
7574	2146	7	148807371	148884348	EZH2	ILMN_1652913
7575	9601	7	149003050	149028689	PDIA4	ILMN_1772118
7576	136051	7	149069640	149090776	ZNF786	ILMN_1713706
7577	155054	7	149102783	149126345	ZNF425	ILMN_1683932
7578	57541	7	149126415	149183041	ZNF398	ILMN_1742745
7579	8427	7	149195471	149226247	ZNF282	ILMN_1668185
7580	7988	7	149239650	149255608	ZNF212	ILMN_1684964
7581	155060	7	149285280	149297311	LOC155060	ILMN_1688435
7582	27153	7	149431362	149460961	ZNF777	ILMN_1704807
7583	155061	7	149472792	149497836	ZNF746	ILMN_1706342
7584	79970	7	149547153	149624789	ZNF767P	ILMN_1767144
7585	84626	7	149715056	149734574	KRBA1	ILMN_1739633
7586	168544	7	149764181	149776348	ZNF467	ILMN_1779015
7587	401431	7	149867693	149873861	ATP6V0E2-AS1	ILMN_1730662
7588	155066	7	149872963	149880697	ATP6V0E2	ILMN_1785095
7589	653857	7	150247211	150323713	ACTR3C	ILMN_1694898
7590	65999	7	150322658	150338155	LRRC61	ILMN_1669722
7591	113763	7	150329848	150332720	ZBED6CL	ILMN_1678863
7592	5919	7	150333943	150341682	RARRES2	ILMN_1811873
7593	29803	7	150368132	150374043	REPIN1	ILMN_1731023
7594	29803	7	150368132	150374043	REPIN1	ILMN_1748527
7595	29803	7	150368132	150374043	REPIN1	ILMN_1671725
7596	285971	7	150379316	150398630	ZNF775	ILMN_1691702
7597	155038	7	150450659	150479394	GIMAP8	ILMN_1747305
7598	168537	7	150514856	150521072	GIMAP7	ILMN_1776678
7599	55303	7	150567369	150573954	GIMAP4	ILMN_1748473
7600	474344	7	150625374	150632647	GIMAP6	ILMN_1757785
7601	474344	7	150625374	150632647	GIMAP6	ILMN_1656931
7602	26157	7	150685705	150693640	GIMAP2	ILMN_1689371
7603	170575	7	150716556	150724279	GIMAP1	ILMN_1757186
7604	55365	7	150800765	150805119	TMEM176A	ILMN_1791511
7605	26	7	150824626	150861290	AOC1	ILMN_1731433
7606	3757	7	150944955	150978328	KCNH2	ILMN_1700798
7607	4846	7	150991055	151014943	NOS3	ILMN_1775224
7608	285973	7	151012208	151024498	ATG9B	ILMN_1734655
7609	11194	7	151028421	151047781	ABCB8	ILMN_1806676
7610	9311	7	151048291	151052755	ASIC3	ILMN_1734479
7611	1020	7	151053811	151057964	CDK5	ILMN_1754375
7612	6522	7	151058211	151076526	SLC4A2	ILMN_1799652
7613	10922	7	151076620	151080882	FASTK	ILMN_1691861
7614	10922	7	151076620	151080882	FASTK	ILMN_1664098
7615	83590	7	151081084	151083532	TMUB1	ILMN_1666050
7616	116988	7	151085830	151144435	AGAP3	ILMN_1778283
7617	136371	7	151175697	151187831	ASB10	ILMN_1781148
7618	102723607	7	151190872	151195523	LOC102723607	ILMN_1688763
7619	10061	7	151207829	151227373	ABCF2	ILMN_1709222
7620	10061	7	151207829	151227373	ABCF2	ILMN_1781999
7621	10061	7	151207829	151227373	ABCF2	ILMN_1669201
7622	6604	7	151238972	151277144	SMARCD3	ILMN_1693244
7623	6604	7	151238972	151277144	SMARCD3	ILMN_1792521
7624	51667	7	151341698	151378460	NUB1	ILMN_1766386
7625	349136	7	151380449	151410704	WDR86	ILMN_1700248
7626	155051	7	151429969	151440169	CRYGN	ILMN_1687409
7627	51422	7	151556113	151877230	PRKAG2	ILMN_1797531
7628	168391	7	151956378	152019933	GALNTL5	ILMN_1738212
7629	392636	7	15200317	15562014	AGMO	ILMN_1812678
7630	63917	7	152025692	152122341	GALNT11	ILMN_1651819
7631	58508	7	152134924	152436004	KMT2C	ILMN_1698472
7632	58508	7	152134924	152436004	KMT2C	ILMN_1725300
7633	58508	7	152134924	152436004	KMT2C	ILMN_1736165
7634	7516	7	152646497	152676164	XRCC2	ILMN_1651569
7635	57180	7	152759748	152887713	ACTR3B	ILMN_1787513
7636	1804	7	153748188	154894284	DPP6	ILMN_1712506
7637	1804	7	153748188	154894284	DPP6	ILMN_1814219
7638	202915	7	1542234	1556429	TMEM184A	ILMN_1815937
7639	3361	7	155070323	155087391	HTR5A	ILMN_1721147
7640	3638	7	155297775	155310234	INSIG1	ILMN_1793474
7641	3638	7	155297775	155310234	INSIG1	ILMN_1686989
7642	2020	7	155458128	155464830	EN2	ILMN_1685318
7643	155435	7	155644493	155781484	RBM33	ILMN_1741244
7644	155435	7	155644493	155781484	RBM33	ILMN_1747968
7645	6469	7	155802863	155812272	SHH	ILMN_1652693
7646	4223	7	15611211	15686682	MEOX2	ILMN_1777263
7647	140545	7	156640658	156677129	RNF32	ILMN_1801333
7648	64327	7	156677839	156893207	LMBR1	ILMN_1764522
7649	84262	7	1567331	1570492	PSMG3	ILMN_1802627
7650	64434	7	156949722	156973181	NOM1	ILMN_1778316
7651	3110	7	157004852	157010652	MNX1	ILMN_1730813
7652	9690	7	157138960	157269371	UBE3C	ILMN_1704342
7653	10049	7	157337015	157417438	DNAJB6	ILMN_1793770
7654	5799	7	157539055	158587795	PTPRN2	ILMN_1728844
7655	57488	7	158730997	158829627	ESYT2	ILMN_1807761
7656	55112	7	158856577	158946191	WDR60	ILMN_1793290
7657	7434	7	159028174	159144956	VIPR2	ILMN_1683939
7658	729920	7	16087526	16421321	ISPD	ILMN_1700229
7659	25928	7	16461480	16465848	SOSTDC1	ILMN_1715463
7660	57037	7	16599775	16645816	ANKMY2	ILMN_1784292
7661	28969	7	16646133	16706522	BZW2	ILMN_1676548
7662	27075	7	16753725	16784535	TSPAN13	ILMN_1669881
7663	10551	7	16791812	16805113	AGR2	ILMN_1814151
7664	155465	7	16859405	16881988	AGR3	ILMN_1728787
7665	401296	7	1692809	1694324	LOC401296	ILMN_1724282
7666	23161	7	17790760	17940517	SNX13	ILMN_1797082
7667	221823	7	18026773	18027862	PRPS1L1	ILMN_1655155
7668	9734	7	18086941	18999511	HDAC9	ILMN_1673708
7669	8379	7	1815791	2232947	MAD1L1	ILMN_1807902
7670	100128374	7	1838585	1849930	LOC100128374	ILMN_1707578
7671	7291	7	18999691	19117671	TWIST1	ILMN_1672908
7672	222894	7	19144781	19145420	FERD3L	ILMN_1721475
7673	56975	7	192968	260773	FAM20C	ILMN_1703009
7674	56975	7	192968	260773	FAM20C	ILMN_1712684
7675	56975	7	192968	260773	FAM20C	ILMN_1683165
7676	221830	7	19695461	19709036	TWISTNB	ILMN_1781121
7677	256130	7	19719314	19772780	TMEM196	ILMN_1811849
7678	346389	7	20134654	20217389	MACC1	ILMN_1762337
7679	3696	7	20330726	20415758	ITGB8	ILMN_1732921
7680	340273	7	20615621	20757013	ABCB5	ILMN_1749902
7681	221833	7	20782273	20786888	SP8	ILMN_1744408
7682	221833	7	20782273	20786888	SP8	ILMN_1721440
7683	6671	7	21428070	21514821	SP4	ILMN_1721081
7684	8701	7	21543214	21901567	DNAH11	ILMN_1705244
7685	55536	7	21900898	21945923	CDCA7L	ILMN_1742126
7686	29960	7	2234290	2242197	FTSJ2	ILMN_1815933
7687	4521	7	2242221	2251144	NUDT1	ILMN_1735692
7688	29886	7	2251769	2314463	SNX8	ILMN_1804051
7689	3569	7	22727146	22732001	IL6	ILMN_1699651
7690	54543	7	22812631	22822851	TOMM7	ILMN_1674069
7691	84668	7	22941258	23014194	FAM126A	ILMN_1691980
7692	55975	7	23105733	23175420	KLHL7	ILMN_1653666
7693	55975	7	23105733	23175420	KLHL7	ILMN_1760792
7694	55975	7	23105733	23175420	KLHL7	ILMN_1674458
7695	11097	7	23181826	23201010	NUPL2	ILMN_1789616
7696	10457	7	23246685	23275109	GPNMB	ILMN_1801205
7697	115416	7	23299320	23309560	MALSU1	ILMN_1739798
7698	256355	7	23490387	23491427	RPS2P32	ILMN_1715152
7699	29896	7	23504779	23532040	TRA2A	ILMN_1731043
7700	8662	7	2354838	2380744	EIF3B	ILMN_1715636
7701	1197	7	23584715	23586526	CLK2P	ILMN_1676061
7702	90693	7	23597378	23644707	CCDC126	ILMN_1751264
7703	340277	7	23679611	23702802	FAM221A	ILMN_1674498
7704	56164	7	23710166	23832512	STK31	ILMN_1668546
7705	56164	7	23710166	23832512	STK31	ILMN_1737313
7706	55501	7	2403559	2434606	CHST12	ILMN_1735058
7707	4852	7	24284187	24291864	NPY	ILMN_1731062
7708	51678	7	24573465	24693702	MPP6	ILMN_1679995
7709	1687	7	24698354	24758019	DFNA5	ILMN_1670145
7710	26031	7	24796536	24980211	OSBPL3	ILMN_1735798
7711	54205	7	25118650	25125360	CYCS	ILMN_1730416
7712	136895	7	25125199	25180346	C7orf31	ILMN_1671230
7713	3955	7	2512528	2529176	LFNG	ILMN_1663080
7714	64111	7	25224569	25228485	NPVF	ILMN_1717462
7715	221927	7	2537809	2555757	BRAT1	ILMN_1804498
7716	23288	7	2558971	2614733	IQCE	ILMN_1689220
7717	9603	7	26152226	26187136	NFE2L3	ILMN_1724898
7718	3181	7	26189926	26200792	HNRNPA2B1	ILMN_1796491
7719	11335	7	26201210	26213606	CBX3	ILMN_1790625
7720	11335	7	26201210	26213606	CBX3	ILMN_1774086
7721	11335	7	26201210	26213606	CBX3	ILMN_1782173
7722	29887	7	26291894	26374382	SNX10	ILMN_1786257
7723	80727	7	2631968	2664801	TTYH3	ILMN_1692731
7724	8935	7	26657777	26864721	SKAP2	ILMN_1657129
7725	155185	7	2679521	2715435	AMZ1	ILMN_1785742
7726	3198	7	27092992	27096005	HOXA1	ILMN_1700382
7727	3198	7	27092992	27096005	HOXA1	ILMN_1680740
7728	3199	7	27100353	27102774	HOXA2	ILMN_1799836
7729	3200	7	27106183	27140185	HOXA3	ILMN_1689426
7730	3200	7	27106183	27140185	HOXA3	ILMN_1760647
7731	3200	7	27106183	27140185	HOXA3	ILMN_1652807
7732	285943	7	27107964	27128759	HOXA-AS2	ILMN_1678051
7733	3201	7	27128506	27130779	HOXA4	ILMN_1677018
7734	3202	7	27141051	27143667	HOXA5	ILMN_1753613
7735	3203	7	27145480	27152689	HOXA6	ILMN_1815570
7736	3205	7	27162437	27165529	HOXA9	ILMN_1702479
7737	3206	7	27170590	27180260	HOXA10	ILMN_1689336
7738	3206	7	27170590	27180260	HOXA10	ILMN_1682110
7739	3207	7	27181156	27185215	HOXA11	ILMN_1738132
7740	3209	7	27196879	27200105	HOXA13	ILMN_1731349
7741	2128	7	27242544	27247818	EVX1	ILMN_1766888
7742	2768	7	2728104	2844324	GNA12	ILMN_1699358
7743	2768	7	2728104	2844324	GNA12	ILMN_1692191
7744	11112	7	27525439	27663000	HIBADH	ILMN_1804150
7745	8887	7	27739372	27829766	TAX1BP1	ILMN_1793118
7746	221895	7	27830572	28180817	JAZF1	ILMN_1682727
7747	9586	7	28299320	28825893	CREB5	ILMN_1731714
7748	9586	7	28299320	28825893	CREB5	ILMN_1688573
7749	9586	7	28299320	28825893	CREB5	ILMN_1744441
7750	9586	7	28299320	28825893	CREB5	ILMN_1658986
7751	9586	7	28299320	28825893	CREB5	ILMN_1728677
7752	54504	7	28995630	29185596	CPVL	ILMN_1682928
7753	84433	7	2906074	3043944	CARD11	ILMN_1721978
7754	1124	7	29194504	29514327	CHN2	ILMN_1774110
7755	222171	7	29563420	29567294	PRR15	ILMN_1726879
7756	644150	7	29806553	29917065	WIPF3	ILMN_1666540
7757	9805	7	29920102	29990288	SCRN1	ILMN_1756439
7758	55033	7	30010582	30026800	FKBP14	ILMN_1665243
7759	84725	7	30028360	30118344	PLEKHA8	ILMN_1663185
7760	222166	7	30134935	30162764	MTURN	ILMN_1672605
7761	223082	7	30284306	30367691	ZNRF2	ILMN_1769503
7762	10392	7	30424526	30478783	NOD1	ILMN_1767225
7763	79017	7	30496620	30504840	GGCT	ILMN_1703858
7764	2617	7	30594564	30634032	GARS	ILMN_1771026
7765	1395	7	30651942	30700102	CRHR2	ILMN_1694346
7766	358	7	30911799	30925515	AQP1	ILMN_1776857
7767	358	7	30911799	30925515	AQP1	ILMN_1815081
7768	2692	7	30964020	30979530	GHRHR	ILMN_1714884
7769	2692	7	30964020	30979530	GHRHR	ILMN_1740186
7770	117	7	31052460	31111478	ADCYAP1R1	ILMN_1711736
7771	63974	7	31337460	31340923	NEUROD6	ILMN_1726851
7772	223075	7	31514070	31658719	CCDC129	ILMN_1813536
7773	10842	7	31687016	31708454	PPP1R17	ILMN_1737819
7774	5137	7	31752051	32299403	PDE1C	ILMN_1667225
7775	5137	7	31752051	32299403	PDE1C	ILMN_1890773
7776	23658	7	32485332	32495257	LSM5	ILMN_1737947
7777	23080	7	32495488	32588714	AVL9	ILMN_1722292
7778	25948	7	32868165	32891855	KBTBD2	ILMN_1784540
7779	11328	7	32957403	33006930	FKBP9	ILMN_1793149
7780	11328	7	32957403	33006930	FKBP9	ILMN_1666121
7781	221935	7	3301447	4268999	SDK1	ILMN_1810540
7782	27241	7	33129243	33606067	BBS9	ILMN_1794956
7783	55025	7	33725954	33728455	FLJ20712	ILMN_1671345
7784	168667	7	33904910	34155871	BMPER	ILMN_1702371
7785	168667	7	33904910	34155871	BMPER	ILMN_1670061
7786	404744	7	34346511	34834330	NPSR1-AS1	ILMN_1659452
7787	387129	7	34658284	34878331	NPSR1	ILMN_1720468
7788	387129	7	34658284	34878331	NPSR1	ILMN_1654534
7789	387129	7	34658284	34878331	NPSR1	ILMN_1704206
7790	23333	7	34928880	35038040	DPY19L1	ILMN_1791296
7791	57057	7	35202429	35254099	TBX20	ILMN_1703470
7792	64224	7	35632658	35695161	HERPUD2	ILMN_1785158
7793	989	7	35800949	35907104	SEPT7	ILMN_1729019
7794	80820	7	36153226	36301542	EEPD1	ILMN_1811616
7795	23366	7	36324149	36390124	KIAA0895	ILMN_1690484
7796	54443	7	36389805	36453790	ANLN	ILMN_1739645
7797	313	7	36512940	36724548	AOAH	ILMN_1709820
7798	9844	7	36852905	37449325	ELMO1	ILMN_1784320
7799	9844	7	36852905	37449325	ELMO1	ILMN_1740231
7800	353345	7	37530608	37742285	GPR141	ILMN_1656818
7801	51314	7	37848596	37900400	NME8	ILMN_1691334
7802	6424	7	37905931	37916922	SFRP4	ILMN_1810172
7803	54749	7	37920560	37951940	EPDR1	ILMN_1675797
7804	83930	7	38178205	38230670	STARD3NL	ILMN_1751214
7805	273	7	38383695	38631566	AMPH	ILMN_1667272
7806	273	7	38383695	38631566	AMPH	ILMN_1685834
7807	27072	7	38723942	38909199	VPS41	ILMN_1796075
7808	11281	7	38978008	39464790	POU6F2	ILMN_1773914
7809	57002	7	39566375	39612088	YAE1D1	ILMN_1671646
7810	57002	7	39566375	39612088	YAE1D1	ILMN_1793508
7811	5898	7	39623552	39708123	RALA	ILMN_1755364
7812	8621	7	39950359	40097133	CDK13	ILMN_1778557
7813	136647	7	40132742	40134651	MPLKIP	ILMN_1745119
7814	79783	7	40134886	40860766	SUGCT	ILMN_1763011
7815	3624	7	41689002	41703107	INHBA	ILMN_1719547
7816	2737	7	41960948	42237869	GLI3	ILMN_1685871
7817	79020	7	42908725	42912089	C7orf25	ILMN_1751051
7818	5683	7	42916860	42932205	PSMA2	ILMN_1682553
7819	64983	7	42932204	42937856	MRPL32	ILMN_1749432
7820	23072	7	43112598	43563613	HECW1	ILMN_1790645
7821	9263	7	43583092	43627378	STK17A	ILMN_1776428
7822	55744	7	43608452	43729540	COA1	ILMN_1793012
7823	644	7	43758672	43807341	BLVRA	ILMN_1691436
7824	55665	7	43875901	43926396	URGCP	ILMN_1777811
7825	51619	7	43926133	43956135	UBE2D4	ILMN_1707084
7826	28988	7	44044639	44061715	DBNL	ILMN_1698307
7827	5224	7	44062726	44065586	PGAM2	ILMN_1666889
7828	27434	7	44072061	44082539	POLM	ILMN_1716973
7829	165	7	44104360	44114564	AEBP1	ILMN_1736178
7830	5425	7	44114679	44123569	POLD2	ILMN_1746252
7831	58498	7	44138863	44141316	MYL7	ILMN_1681857
7832	2645	7	44144270	44189422	GCK	ILMN_1694472
7833	2645	7	44144270	44189422	GCK	ILMN_1676437
7834	2645	7	44144270	44189422	GCK	ILMN_1706775
7835	10652	7	44200967	44214293	YKT6	ILMN_1695998
7836	816	7	44217149	44325630	CAMK2B	ILMN_1763027
7837	816	7	44217149	44325630	CAMK2B	ILMN_1663397
7838	816	7	44217149	44325630	CAMK2B	ILMN_1694997
7839	23386	7	44382365	44490785	NUDCD3	ILMN_1796900
7840	29881	7	44512534	44541314	NPC1L1	ILMN_1787556
7841	54606	7	44565416	44574537	DDX56	ILMN_1679405
7842	222068	7	44579162	44582227	TMED4	ILMN_1756255
7843	4967	7	44606521	44709069	OGDH	ILMN_1783266
7844	4967	7	44606521	44709069	OGDH	ILMN_1747159
7845	4967	7	44606521	44709069	OGDH	ILMN_1733869
7846	83637	7	44748568	44769880	ZMIZ2	ILMN_1760718
7847	94239	7	44826888	44848125	H2AFV	ILMN_1706784
7848	64005	7	44962660	44979104	MYO1G	ILMN_1692295
7849	83605	7	44999745	45076469	CCM2	ILMN_1784352
7850	83605	7	44999745	45076469	CCM2	ILMN_1686647
7851	83605	7	44999745	45076469	CCM2	ILMN_1652198
7852	100128364	7	45077707	45080010	LOC100128364	ILMN_1773991
7853	100128364	7	45077707	45080010	LOC100128364	ILMN_1662526
7854	9238	7	45100099	45111746	TBRG4	ILMN_1783728
7855	9238	7	45100099	45111746	TBRG4	ILMN_1809047
7856	10268	7	45157767	45184249	RAMP3	ILMN_1761782
7857	107	7	45574139	45723115	ADCY1	ILMN_1742073
7858	641977	7	45723786	45769017	SEPT7P2	ILMN_1790759
7859	3484	7	45888359	45893667	IGFBP1	ILMN_1728445
7860	3486	7	45912244	45921271	IGFBP3	ILMN_1746085
7861	221937	7	4682298	4771442	FOXK1	ILMN_1812893
7862	64759	7	47275153	47582143	TNS3	ILMN_1667893
7863	84847	7	47761475	47766771	LINC00525	ILMN_1780968
7864	168507	7	47774651	47964564	PKD1L1	ILMN_1671272
7865	80099	7	47795290	47819846	C7orf69	ILMN_1695301
7866	3364	7	47963284	47979624	HUS1	ILMN_1670462
7867	256979	7	47987147	48029118	SUN3	ILMN_1657847
7868	256979	7	47987147	48029118	SUN3	ILMN_1673793
7869	7378	7	48088602	48108732	UPP1	ILMN_1742764
7870	7378	7	48088602	48108732	UPP1	ILMN_1798256
7871	7378	7	48088602	48108732	UPP1	ILMN_1746837
7872	154664	7	48171459	48647494	ABCA13	ILMN_1704579
7873	221938	7	4892244	4959212	MMD2	ILMN_1700240
7874	5154	7	497257	520122	PDGFA	ILMN_1685982
7875	441191	7	4973984	4998168	RNF216P1	ILMN_1715546
7876	375567	7	49773660	49921950	VWC2	ILMN_1736448
7877	11055	7	49937426	50093263	ZPBP	ILMN_1683614
7878	10320	7	50304781	50405100	IKZF1	ILMN_1676575
7879	63979	7	50444128	50450389	FIGNL1	ILMN_1778152
7880	57786	7	5045820	5069487	RBAK	ILMN_1674072
7881	1644	7	50458435	50565456	DDC	ILMN_1811601
7882	2887	7	50590062	50793461	GRB10	ILMN_1669617
7883	2887	7	50590062	50793461	GRB10	ILMN_1667771
7884	2887	7	50590062	50793461	GRB10	ILMN_1652662
7885	23242	7	51016211	51316817	COBL	ILMN_1711888
7886	26100	7	5190203	5233854	WIPI2	ILMN_1684192
7887	285877	7	53035655	53036924	POM121L12	ILMN_1737131
7888	84629	7	5306789	5423827	TNRC18	ILMN_1678329
7889	84629	7	5306789	5423827	TNRC18	ILMN_1766975
7890	401337	7	53655508	53811930	LINC01446	ILMN_1759758
7891	23480	7	54752246	54759245	SEC61G	ILMN_1787026
7892	5575	7	549196	727675	PRKAR1B	ILMN_1674390
7893	1956	7	55019031	55207337	EGFR	ILMN_1798975
7894	1956	7	55019031	55207337	EGFR	ILMN_1728858
7895	1956	7	55019031	55207337	EGFR	ILMN_1696521
7896	55915	7	55365447	55433741	LANCL2	ILMN_1708009
7897	81552	7	55470607	55572506	VOPP1	ILMN_1751039
7898	360132	7	55681073	55704566	FKBP9P1	ILMN_1781585
7899	346288	7	55793543	55862788	SEPT14	ILMN_1798053
7900	349075	7	55912637	55940739	ZNF713	ILMN_1688138
7901	6624	7	5592804	5606655	FSCN1	ILMN_1808707
7902	51373	7	55951917	55955340	MRPS17	ILMN_1804851
7903	2631	7	55964576	56000181	GBAS	ILMN_1778611
7904	5723	7	56010362	56051603	PSPH	ILMN_1776105
7905	908	7	56051684	56063988	CCT6A	ILMN_1722502
7906	25870	7	56064006	56080671	SUMF2	ILMN_1691592
7907	5260	7	56079922	56093078	PHKG1	ILMN_1682181
7908	389493	7	56114680	56116396	NUPR1L	ILMN_1741597
7909	54476	7	5620040	5781729	RNF216	ILMN_1729980
7910	54476	7	5620040	5781729	RNF216	ILMN_1802371
7911	5395	7	5973238	6009105	PMS2	ILMN_1677887
7912	27102	7	6022246	6059228	EIF2AK1	ILMN_1700815
7913	84132	7	6088789	6161563	USP42	ILMN_1752575
7914	9265	7	6161778	6272610	CYTH3	ILMN_1713918
7915	84792	7	6329408	6348958	FAM220A	ILMN_1717219
7916	5879	7	6374494	6403966	RAC1	ILMN_1652445
7917	221955	7	6409115	6448011	DAGLB	ILMN_1658885
7918	340252	7	64501366	64563126	ZNF680	ILMN_1730888
7919	11014	7	6461080	6484217	KDELR2	ILMN_1724293
7920	51427	7	64666082	64711581	ZNF107	ILMN_1766974
7921	7697	7	64794387	64853799	ZNF138	ILMN_1704358
7922	7697	7	64794387	64853799	ZNF138	ILMN_1805396
7923	7697	7	64794387	64853799	ZNF138	ILMN_1676240
7924	10793	7	64893169	64931576	ZNF273	ILMN_1775073
7925	51351	7	64974451	64991035	ZNF117	ILMN_1720184
7926	51351	7	64974451	64991035	ZNF117	ILMN_1723018
7927	168374	7	65373798	65401135	ZNF92	ILMN_1808455
7928	168374	7	65373798	65401135	ZNF92	ILMN_1665327
7929	154807	7	65873269	65959562	VKORC1L1	ILMN_1802894
7930	79034	7	6590276	6608725	C7orf26	ILMN_1730048
7931	2990	7	65960683	65982313	GUSB	ILMN_1669878
7932	435	7	66075788	66093342	ASL	ILMN_1685037
7933	435	7	66075788	66093342	ASL	ILMN_1685142
7934	8460	7	66205271	66360450	TPST1	ILMN_1651950
7935	100131017	7	6637321	6658278	ZNF316	ILMN_1692361
7936	285908	7	66376043	66400407	LINC00174	ILMN_1733103
7937	493754	7	66553565	66578510	LOC493754	ILMN_1692198
7938	154881	7	66628880	66643228	KCTD7	ILMN_1769207
7939	7559	7	6688432	6706934	ZNF12	ILMN_1784577
7940	55069	7	66921215	66958550	TMEM248	ILMN_1729130
7941	55253	7	66996804	67239519	TYW1	ILMN_1736135
7942	64940	7	67302637	67321525	STAG3L4	ILMN_1669851
7943	26053	7	69598918	70792898	AUTS2	ILMN_1749081
7944	100131257	7	7075769	7096785	LOC100131257	ILMN_1687371
7945	64409	7	71132536	71713600	WBSCR17	ILMN_1701557
7946	56913	7	7182546	7248650	C1GALT1	ILMN_1662578
7947	54919	7	726700	786478	HEATR2	ILMN_1806647
7948	54919	7	726700	786478	HEATR2	ILMN_1706824
7949	54919	7	726700	786478	HEATR2	ILMN_1732537
7950	155370	7	72829372	72837398	SBDSP1	ILMN_1687526
7951	135892	7	73312535	73328081	TRIM50	ILMN_1700408
7952	8468	7	73328151	73358636	FKBP6	ILMN_1815444
7953	8326	7	73433778	73436119	FZD9	ILMN_1704398
7954	9031	7	73440397	73522297	BAZ1B	ILMN_1696692
7955	9031	7	73440397	73522297	BAZ1B	ILMN_1815475
7956	9275	7	73536352	73557734	BCL7B	ILMN_1754199
7957	26608	7	73568943	73578682	TBL2	ILMN_1764489
7958	51085	7	73593193	73624572	MLXIPL	ILMN_1722073
7959	155382	7	73667843	73672109	VPS37D	ILMN_1692865
7960	114049	7	73683567	73698220	WBSCR22	ILMN_1697348
7961	6804	7	73699204	73719701	STX1A	ILMN_1791371
7962	83451	7	73736093	73738859	ABHD11	ILMN_1737475
7963	1365	7	73768996	73770269	CLDN3	ILMN_1723042
7964	1364	7	73830862	73832692	CLDN4	ILMN_1751764
7965	155368	7	73834589	73842524	WBSCR27	ILMN_1719170
7966	135886	7	73861158	73865892	WBSCR28	ILMN_1664267
7967	2006	7	74027788	74069906	ELN	ILMN_1757506
7968	3984	7	74083776	74122524	LIMK1	ILMN_1776708
7969	3984	7	74083776	74122524	LIMK1	ILMN_1698649
7970	7458	7	74174375	74197098	EIF4H	ILMN_1782843
7971	7458	7	74174375	74197098	EIF4H	ILMN_1729832
7972	7458	7	74174375	74197098	EIF4H	ILMN_1776021
7973	7462	7	74209756	74229833	LAT2	ILMN_1690112
7974	5982	7	74231501	74254457	RFC2	ILMN_1655733
7975	5982	7	74231501	74254457	RFC2	ILMN_1732336
7976	7461	7	74289474	74405942	CLIP2	ILMN_1798846
7977	7461	7	74289474	74405942	CLIP2	ILMN_1801189
7978	9569	7	74453789	74602604	GTF2IRD1	ILMN_1669717
7979	9569	7	74453789	74602604	GTF2IRD1	ILMN_1712628
7980	2969	7	74657664	74760691	GTF2I	ILMN_1664876
7981	81554	7	75027118	75073880	WBSCR16	ILMN_1765525
7982	81554	7	75027118	75073880	WBSCR16	ILMN_1679978
7983	3092	7	75533297	75738971	HIP1	ILMN_1697787
7984	54468	7	7566890	7607480	MIOS	ILMN_1680644
7985	10344	7	75769523	75789745	CCL26	ILMN_1659601
7986	6369	7	75811795	75813714	CCL24	ILMN_1653766
7987	57414	7	75878998	75888925	RHBDD2	ILMN_1809437
7988	5447	7	75915101	75986854	POR	ILMN_1677768
7989	83862	7	75986836	75994673	TMEM120A	ILMN_1654516
7990	51657	7	75996336	76048002	STYXL1	ILMN_1718822
7991	4191	7	76048018	76067507	MDH2	ILMN_1694795
7992	222183	7	76201897	76287287	SRRM3	ILMN_1717265
7993	3315	7	76302557	76304296	HSPB1	ILMN_1674236
7994	7532	7	76326790	76359024	YWHAG	ILMN_1750145
7995	6119	7	7636943	7718606	RPA3	ILMN_1716895
7996	136853	7	76389328	76409694	SSC4D	ILMN_1787093
7997	7784	7	76397523	76442070	ZP3	ILMN_1747102
7998	7784	7	76397523	76442070	ZP3	ILMN_1672378
7999	80761	7	76510332	76527882	UPK3B	ILMN_1706441
8000	80761	7	76510332	76527882	UPK3B	ILMN_1768427
